,Rank,numbered_rank,name,abilities,typing,hp,attack,defense,special_attack,special_defense,speed,bst,defense_vs_normal,defense_vs_fire,defense_vs_water,defense_vs_electric,defense_vs_grass,defense_vs_ice,defense_vs_fighting,defense_vs_poison,defense_vs_ground,defense_vs_flying,defense_vs_psychic,defense_vs_bug,defense_vs_rock,defense_vs_ghost,defense_vs_dragon,defense_vs_dark,defense_vs_steel,defense_vs_fairy,ttd,offense_vs_bug,offense_vs_dark,offense_vs_dragon,offense_vs_electric,offense_vs_fairy,offense_vs_fight,offense_vs_fire,offense_vs_flying,offense_vs_ghost,offense_vs_grass,offense_vs_ground,offense_vs_ice,offense_vs_normal,offense_vs_poison,offense_vs_psychic,offense_vs_rock,offense_vs_steel,offense_vs_water,tto
2,RUBL,3.5,Venusaur,Overgrow~Chlorophyll,Grass~Poison,80,82,83,100,100,80,525,1.0,2.0,0.5,0.5,0.25,2.0,0.5,1.0,1.0,2.0,2.0,1.0,1.0,1.0,1.0,1.0,1.0,0.5,19.25,1.0,1.0,1.0,1.0,2.0,1.0,1.0,1.0,1.0,2.0,2.0,1.0,1.0,0.5,1.0,2.0,0.5,2.0,22.0
5,PU,1.0,Charizard,Blaze~Solar Power,Fire~Flying,78,84,78,109,85,100,534,1.0,0.5,2.0,2.0,0.25,1.0,0.5,1.0,0.0,1.0,1.0,0.25,4.0,1.0,1.0,1.0,0.5,0.5,18.5,2.0,1.0,1.0,1.0,1.0,2.0,1.0,1.0,1.0,2.0,1.0,2.0,1.0,1.0,1.0,0.5,2.0,1.0,22.5
8,NU,2.0,Blastoise,Torrent~Rain Dish,Water,79,83,100,85,105,78,530,1.0,0.5,0.5,2.0,2.0,0.5,1.0,1.0,1.0,1.0,1.0,1.0,1.0,1.0,1.0,1.0,0.5,1.0,18.0,1.0,1.0,0.5,1.0,1.0,1.0,2.0,1.0,1.0,0.5,2.0,1.0,1.0,1.0,1.0,2.0,1.0,0.5,19.5
11,(PU),0.0,Butterfree,Compound Eyes~Tinted Lens,Bug~Flying,60,45,50,90,80,70,395,1.0,2.0,1.0,2.0,0.25,2.0,0.25,1.0,0.0,2.0,1.0,0.5,4.0,1.0,1.0,1.0,1.0,1.0,22.0,2.0,2.0,1.0,1.0,1.0,2.0,1.0,1.0,1.0,2.0,1.0,1.0,1.0,1.0,2.0,1.0,0.5,1.0,22.5
13,(PU),0.0,Raichu,Static~Lightning Rod,Electric,60,90,55,90,80,110,485,1.0,1.0,1.0,0.5,1.0,1.0,1.0,1.0,2.0,0.5,1.0,1.0,1.0,1.0,1.0,1.0,0.5,1.0,17.5,1.0,1.0,0.5,0.5,1.0,1.0,1.0,2.0,1.0,0.5,0.0,1.0,1.0,1.0,1.0,1.0,1.0,2.0,17.5
15,PU,1.0,Sandslash,Sand Veil~Sand Rush,Ground,75,100,110,45,55,65,450,1.0,1.0,2.0,0.0,2.0,2.0,1.0,0.5,1.0,1.0,1.0,1.0,0.5,1.0,1.0,1.0,1.0,1.0,19.0,0.5,1.0,1.0,2.0,1.0,1.0,2.0,0.0,1.0,0.5,1.0,1.0,1.0,2.0,1.0,2.0,2.0,1.0,21.0
17,RU,3.0,Nidoqueen,Poison Point~Rivalry~Sheer Force,Poison~Ground,90,92,87,75,85,76,505,1.0,1.0,2.0,0.0,1.0,2.0,0.5,0.25,2.0,1.0,2.0,0.5,0.5,1.0,1.0,1.0,1.0,0.5,18.25,1.0,1.0,1.0,2.0,2.0,1.0,2.0,1.0,1.0,2.0,1.0,1.0,1.0,2.0,1.0,2.0,2.0,1.0,25.0
19,UU,4.0,Nidoking,Poison Point~Rivalry~Sheer Force,Poison~Ground,81,102,77,85,75,85,505,1.0,1.0,2.0,0.0,1.0,2.0,0.5,0.25,2.0,1.0,2.0,0.5,0.5,1.0,1.0,1.0,1.0,0.5,18.25,1.0,1.0,1.0,2.0,2.0,1.0,2.0,1.0,1.0,2.0,1.0,1.0,1.0,2.0,1.0,2.0,2.0,1.0,25.0
21,OU,5.0,Clefable,Cute Charm~Magic Guard~Unaware,Fairy,95,70,73,95,90,60,483,1.0,1.0,1.0,1.0,1.0,1.0,0.5,2.0,1.0,1.0,1.0,0.5,1.0,1.0,0.0,0.5,2.0,1.0,17.5,1.0,1.0,2.0,1.0,1.0,2.0,0.5,1.0,1.0,1.0,1.0,1.0,1.0,0.5,1.0,1.0,0.5,1.0,18.5
23,(PU),0.0,Ninetales,Flash Fire~Drought,Fire,73,76,75,81,100,100,505,1.0,0.5,2.0,1.0,0.5,0.5,1.0,1.0,2.0,1.0,1.0,0.5,2.0,1.0,1.0,1.0,0.5,0.5,18.0,2.0,1.0,0.5,1.0,1.0,1.0,0.5,1.0,1.0,2.0,1.0,2.0,1.0,1.0,1.0,0.5,2.0,0.5,20.0
25,(PU),0.0,Wigglytuff,Cute Charm~Competitive~Frisk,Normal~Fairy,140,70,45,85,50,45,435,1.0,1.0,1.0,1.0,1.0,1.0,1.0,2.0,1.0,1.0,1.0,0.5,1.0,0.0,0.0,0.5,2.0,1.0,17.0,1.0,1.0,2.0,1.0,1.0,2.0,1.0,1.0,1.0,1.0,1.0,1.0,1.0,1.0,1.0,1.0,0.5,1.0,19.5
30,NU,2.0,Vileplume,Chlorophyll~Effect Spore,Grass~Poison,75,80,85,110,90,50,490,1.0,2.0,0.5,0.5,0.25,2.0,0.5,1.0,1.0,2.0,2.0,1.0,1.0,1.0,1.0,1.0,1.0,0.5,19.25,1.0,1.0,1.0,1.0,2.0,1.0,1.0,1.0,1.0,2.0,2.0,1.0,1.0,0.5,1.0,2.0,0.5,2.0,22.0
32,(PU),0.0,Dugtrio,Sand Veil~Arena Trap~Sand Force,Ground,35,100,50,50,70,120,425,1.0,1.0,2.0,0.0,2.0,2.0,1.0,0.5,1.0,1.0,1.0,1.0,0.5,1.0,1.0,1.0,1.0,1.0,19.0,0.5,1.0,1.0,2.0,1.0,1.0,2.0,0.0,1.0,0.5,1.0,1.0,1.0,2.0,1.0,2.0,2.0,1.0,21.0
34,(PU),0.0,Persian,Limber~Technician~Unnerve,Normal,65,70,60,65,65,115,440,1.0,1.0,1.0,1.0,1.0,1.0,2.0,1.0,1.0,1.0,1.0,1.0,1.0,0.0,1.0,1.0,1.0,1.0,18.0,1.0,1.0,1.0,1.0,1.0,1.0,1.0,1.0,0.0,1.0,1.0,1.0,1.0,1.0,1.0,0.5,0.5,1.0,16.0
36,(PU),0.0,Golduck,Damp~Cloud Nine~Swift Swim,Water,80,82,78,95,80,85,500,1.0,0.5,0.5,2.0,2.0,0.5,1.0,1.0,1.0,1.0,1.0,1.0,1.0,1.0,1.0,1.0,0.5,1.0,18.0,1.0,1.0,0.5,1.0,1.0,1.0,2.0,1.0,1.0,0.5,2.0,1.0,1.0,1.0,1.0,2.0,1.0,0.5,19.5
38,NU,2.0,Arcanine,Intimidate~Flash Fire~Justified,Fire,90,110,80,100,80,95,555,1.0,0.5,2.0,1.0,0.5,0.5,1.0,1.0,2.0,1.0,1.0,0.5,2.0,1.0,1.0,1.0,0.5,0.5,18.0,2.0,1.0,0.5,1.0,1.0,1.0,0.5,1.0,1.0,2.0,1.0,2.0,1.0,1.0,1.0,0.5,2.0,0.5,20.0
41,(PU),0.0,Poliwrath,Water Absorb~Damp~Swift Swim,Water~Fighting,90,95,95,70,90,70,510,1.0,0.5,0.5,2.0,2.0,0.5,1.0,1.0,1.0,2.0,2.0,0.5,0.5,1.0,1.0,0.5,0.5,2.0,19.5,1.0,2.0,1.0,1.0,1.0,1.0,2.0,1.0,1.0,1.0,2.0,2.0,2.0,1.0,1.0,2.0,2.0,1.0,25.0
44,UUBL,4.5,Alakazam,Synchronize~Inner Focus~Magic Guard,Psychic,55,50,45,135,95,120,500,1.0,1.0,1.0,1.0,1.0,1.0,0.5,1.0,1.0,1.0,0.5,2.0,1.0,2.0,1.0,2.0,1.0,1.0,20.0,1.0,0.0,1.0,1.0,1.0,2.0,1.0,1.0,1.0,1.0,1.0,1.0,1.0,2.0,0.5,1.0,0.5,1.0,18.0
47,PUBL,1.5,Machamp,Guts~No Guard~Steadfast,Fighting,90,130,80,65,85,55,505,1.0,1.0,1.0,1.0,1.0,1.0,1.0,1.0,1.0,2.0,2.0,0.5,0.5,1.0,1.0,0.5,1.0,2.0,19.5,0.5,2.0,1.0,1.0,0.5,1.0,1.0,0.5,0.0,1.0,1.0,2.0,2.0,0.5,0.5,2.0,2.0,1.0,19.5
49,UU,4.0,Tentacruel,Clear Body~Liquid Ooze~Rain Dish,Water~Poison,80,70,65,80,120,100,515,1.0,0.5,0.5,2.0,1.0,0.5,0.5,0.5,2.0,1.0,2.0,0.5,1.0,1.0,1.0,1.0,0.5,0.5,17.0,1.0,1.0,1.0,1.0,2.0,1.0,2.0,1.0,1.0,2.0,2.0,1.0,1.0,1.0,1.0,2.0,1.0,1.0,23.0
51,(PU),0.0,Rapidash,Run Away~Flash Fire~Flame Body,Fire,65,100,70,80,80,105,500,1.0,0.5,2.0,1.0,0.5,0.5,1.0,1.0,2.0,1.0,1.0,0.5,2.0,1.0,1.0,1.0,0.5,0.5,18.0,2.0,1.0,0.5,1.0,1.0,1.0,0.5,1.0,1.0,2.0,1.0,2.0,1.0,1.0,1.0,0.5,2.0,0.5,20.0
53,OU,5.0,Slowbro,Oblivious~Own Tempo~Regenerator,Water~Psychic,95,75,110,100,80,30,490,1.0,0.5,0.5,2.0,2.0,0.5,0.5,1.0,1.0,1.0,0.5,2.0,1.0,2.0,1.0,2.0,0.5,1.0,20.0,1.0,1.0,1.0,1.0,1.0,2.0,2.0,1.0,1.0,1.0,2.0,1.0,1.0,2.0,1.0,2.0,1.0,1.0,23.0
57,RU,3.0,Cloyster,Shell Armor~Skill Link~Overcoat,Water~Ice,50,95,180,85,45,70,525,1.0,1.0,0.5,2.0,2.0,0.25,2.0,1.0,1.0,1.0,1.0,1.0,2.0,1.0,1.0,1.0,1.0,1.0,20.75,1.0,1.0,2.0,1.0,1.0,1.0,2.0,2.0,1.0,2.0,2.0,1.0,1.0,1.0,1.0,2.0,1.0,0.5,23.5
60,UUBL,4.5,Gengar,Cursed Body,Ghost~Poison,60,65,60,130,75,110,500,0.0,1.0,1.0,1.0,0.5,1.0,0.0,0.25,2.0,1.0,2.0,0.25,1.0,2.0,1.0,2.0,1.0,0.5,17.5,1.0,1.0,1.0,1.0,2.0,1.0,1.0,1.0,2.0,2.0,1.0,1.0,1.0,1.0,2.0,1.0,1.0,1.0,22.0
63,PUBL,1.5,Kingler,Hyper Cutter~Shell Armor~Sheer Force,Water,55,130,115,50,50,75,475,1.0,0.5,0.5,2.0,2.0,0.5,1.0,1.0,1.0,1.0,1.0,1.0,1.0,1.0,1.0,1.0,0.5,1.0,18.0,1.0,1.0,0.5,1.0,1.0,1.0,2.0,1.0,1.0,0.5,2.0,1.0,1.0,1.0,1.0,2.0,1.0,0.5,19.5
65,(PU),0.0,Exeggutor,Chlorophyll~Harvest,Grass~Psychic,95,95,85,125,75,55,530,1.0,2.0,0.5,0.5,0.5,2.0,0.5,2.0,0.5,2.0,0.5,4.0,1.0,2.0,1.0,2.0,1.0,1.0,24.0,1.0,1.0,1.0,1.0,1.0,2.0,1.0,1.0,1.0,1.0,2.0,1.0,1.0,2.0,1.0,2.0,0.5,2.0,22.5
67,(PU),0.0,Marowak,Rock Head~Lightning Rod~Battle Armor,Ground,60,80,110,50,80,45,425,1.0,1.0,2.0,0.0,2.0,2.0,1.0,0.5,1.0,1.0,1.0,1.0,0.5,1.0,1.0,1.0,1.0,1.0,19.0,0.5,1.0,1.0,2.0,1.0,1.0,2.0,0.0,1.0,0.5,1.0,1.0,1.0,2.0,1.0,2.0,2.0,1.0,21.0
68,PU,1.0,Hitmonlee,Limber~Reckless~Unburden,Fighting,50,120,53,35,110,87,455,1.0,1.0,1.0,1.0,1.0,1.0,1.0,1.0,1.0,2.0,2.0,0.5,0.5,1.0,1.0,0.5,1.0,2.0,19.5,0.5,2.0,1.0,1.0,0.5,1.0,1.0,0.5,0.0,1.0,1.0,2.0,2.0,0.5,0.5,2.0,2.0,1.0,19.5
69,(PU),0.0,Hitmonchan,Keen Eye~Iron Fist~Inner Focus,Fighting,50,105,79,35,110,76,455,1.0,1.0,1.0,1.0,1.0,1.0,1.0,1.0,1.0,2.0,2.0,0.5,0.5,1.0,1.0,0.5,1.0,2.0,19.5,0.5,2.0,1.0,1.0,0.5,1.0,1.0,0.5,0.0,1.0,1.0,2.0,2.0,0.5,0.5,2.0,2.0,1.0,19.5
72,PU,1.0,Weezing,Levitate,Poison,65,90,120,85,70,60,490,1.0,1.0,1.0,1.0,0.5,1.0,0.5,0.5,2.0,1.0,2.0,0.5,1.0,1.0,1.0,1.0,1.0,0.5,17.5,1.0,1.0,1.0,1.0,2.0,1.0,1.0,1.0,0.5,2.0,0.5,1.0,1.0,0.5,1.0,0.5,0.0,1.0,17.0
75,UU,4.0,Chansey,Natural Cure~Serene Grace~Healer,Normal,250,5,5,35,105,50,450,1.0,1.0,1.0,1.0,1.0,1.0,2.0,1.0,1.0,1.0,1.0,1.0,1.0,0.0,1.0,1.0,1.0,1.0,18.0,1.0,1.0,1.0,1.0,1.0,1.0,1.0,1.0,0.0,1.0,1.0,1.0,1.0,1.0,1.0,0.5,0.5,1.0,16.0
77,(PU),0.0,Kangaskhan,Early Bird~Scrappy~Inner Focus,Normal,105,95,80,40,80,90,490,1.0,1.0,1.0,1.0,1.0,1.0,2.0,1.0,1.0,1.0,1.0,1.0,1.0,0.0,1.0,1.0,1.0,1.0,18.0,1.0,1.0,1.0,1.0,1.0,1.0,1.0,1.0,0.0,1.0,1.0,1.0,1.0,1.0,1.0,0.5,0.5,1.0,16.0
81,(PU),0.0,Seaking,Swift Swim~Water Veil~Lightning Rod,Water,80,92,65,65,80,68,450,1.0,0.5,0.5,2.0,2.0,0.5,1.0,1.0,1.0,1.0,1.0,1.0,1.0,1.0,1.0,1.0,0.5,1.0,18.0,1.0,1.0,0.5,1.0,1.0,1.0,2.0,1.0,1.0,0.5,2.0,1.0,1.0,1.0,1.0,2.0,1.0,0.5,19.5
83,NU,2.0,Starmie,Illuminate~Natural Cure~Analytic,Water~Psychic,60,75,85,100,85,115,520,1.0,0.5,0.5,2.0,2.0,0.5,0.5,1.0,1.0,1.0,0.5,2.0,1.0,2.0,1.0,2.0,0.5,1.0,20.0,1.0,1.0,1.0,1.0,1.0,2.0,2.0,1.0,1.0,1.0,2.0,1.0,1.0,2.0,1.0,2.0,1.0,1.0,23.0
84,PU,1.0,Scyther,Swarm~Technician~Steadfast,Bug~Flying,70,110,80,55,80,105,500,1.0,2.0,1.0,2.0,0.25,2.0,0.25,1.0,0.0,2.0,1.0,0.5,4.0,1.0,1.0,1.0,1.0,1.0,22.0,2.0,2.0,1.0,1.0,1.0,2.0,1.0,1.0,1.0,2.0,1.0,1.0,1.0,1.0,2.0,1.0,0.5,1.0,22.5
85,(PU),0.0,Jynx,Oblivious~Forewarn~Dry Skin,Ice~Psychic,65,50,35,115,95,95,455,1.0,2.0,1.0,1.0,1.0,0.5,1.0,1.0,1.0,1.0,0.5,2.0,2.0,2.0,1.0,2.0,2.0,1.0,23.0,1.0,1.0,2.0,1.0,1.0,2.0,1.0,2.0,1.0,2.0,2.0,1.0,1.0,2.0,1.0,1.0,0.5,1.0,23.5
88,(PU),0.0,Pinsir,Hyper Cutter~Mold Breaker~Moxie,Bug,65,125,100,55,70,85,500,1.0,2.0,1.0,1.0,0.5,1.0,0.5,1.0,0.5,2.0,1.0,1.0,2.0,1.0,1.0,1.0,1.0,1.0,19.5,1.0,2.0,1.0,1.0,0.5,0.5,0.5,0.5,0.5,2.0,1.0,1.0,1.0,0.5,2.0,1.0,0.5,1.0,17.5
89,NU,2.0,Tauros,Intimidate~Anger Point~Sheer Force,Normal,75,100,95,40,70,110,490,1.0,1.0,1.0,1.0,1.0,1.0,2.0,1.0,1.0,1.0,1.0,1.0,1.0,0.0,1.0,1.0,1.0,1.0,18.0,1.0,1.0,1.0,1.0,1.0,1.0,1.0,1.0,0.0,1.0,1.0,1.0,1.0,1.0,1.0,0.5,0.5,1.0,16.0
91,UU,4.0,Gyarados,Intimidate~Moxie,Water~Flying,95,125,79,60,100,81,540,1.0,0.5,0.5,4.0,1.0,1.0,0.5,1.0,0.0,1.0,1.0,0.5,2.0,1.0,1.0,1.0,0.5,1.0,18.5,2.0,1.0,1.0,1.0,1.0,2.0,2.0,1.0,1.0,2.0,2.0,1.0,1.0,1.0,1.0,2.0,1.0,1.0,24.0
92,(PU),0.0,Lapras,Water Absorb~Shell Armor~Hydration,Water~Ice,130,85,80,85,95,60,535,1.0,1.0,0.5,2.0,2.0,0.25,2.0,1.0,1.0,1.0,1.0,1.0,2.0,1.0,1.0,1.0,1.0,1.0,20.75,1.0,1.0,2.0,1.0,1.0,1.0,2.0,2.0,1.0,2.0,2.0,1.0,1.0,1.0,1.0,2.0,1.0,0.5,23.5
93,(PU),0.0,Ditto,Limber~Imposter,Normal,48,48,48,48,48,48,288,1.0,1.0,1.0,1.0,1.0,1.0,2.0,1.0,1.0,1.0,1.0,1.0,1.0,0.0,1.0,1.0,1.0,1.0,18.0,1.0,1.0,1.0,1.0,1.0,1.0,1.0,1.0,0.0,1.0,1.0,1.0,1.0,1.0,1.0,0.5,0.5,1.0,16.0
95,NU,2.0,Vaporeon,Water Absorb~Hydration,Water,130,65,60,110,95,65,525,1.0,0.5,0.5,2.0,2.0,0.5,1.0,1.0,1.0,1.0,1.0,1.0,1.0,1.0,1.0,1.0,0.5,1.0,18.0,1.0,1.0,0.5,1.0,1.0,1.0,2.0,1.0,1.0,0.5,2.0,1.0,1.0,1.0,1.0,2.0,1.0,0.5,19.5
96,PU,1.0,Jolteon,Volt Absorb~Quick Feet,Electric,65,65,60,110,95,130,525,1.0,1.0,1.0,0.5,1.0,1.0,1.0,1.0,2.0,0.5,1.0,1.0,1.0,1.0,1.0,1.0,0.5,1.0,17.5,1.0,1.0,0.5,0.5,1.0,1.0,1.0,2.0,1.0,0.5,0.0,1.0,1.0,1.0,1.0,1.0,1.0,2.0,17.5
97,(PU),0.0,Flareon,Flash Fire~Guts,Fire,65,130,60,95,110,65,525,1.0,0.5,2.0,1.0,0.5,0.5,1.0,1.0,2.0,1.0,1.0,0.5,2.0,1.0,1.0,1.0,0.5,0.5,18.0,2.0,1.0,0.5,1.0,1.0,1.0,0.5,1.0,1.0,2.0,1.0,2.0,1.0,1.0,1.0,0.5,2.0,0.5,20.0
100,PUBL,1.5,Omastar,Swift Swim~Shell Armor~Weak Armor,Rock~Water,70,60,125,115,70,55,495,0.5,0.25,1.0,2.0,4.0,0.5,2.0,0.5,2.0,0.5,1.0,1.0,1.0,1.0,1.0,1.0,1.0,1.0,21.25,2.0,1.0,1.0,1.0,1.0,1.0,2.0,2.0,1.0,1.0,2.0,2.0,1.0,1.0,1.0,2.0,1.0,1.0,24.0
102,(PU),0.0,Kabutops,Swift Swim~Battle Armor~Weak Armor,Rock~Water,60,115,105,65,70,80,495,0.5,0.25,1.0,2.0,4.0,0.5,2.0,0.5,2.0,0.5,1.0,1.0,1.0,1.0,1.0,1.0,1.0,1.0,21.25,2.0,1.0,1.0,1.0,1.0,1.0,2.0,2.0,1.0,1.0,2.0,2.0,1.0,1.0,1.0,2.0,1.0,1.0,24.0
103,NU,2.0,Aerodactyl,Rock Head~Pressure~Unnerve,Rock~Flying,80,105,65,60,75,130,515,0.5,0.5,2.0,2.0,1.0,2.0,1.0,0.5,0.0,0.5,1.0,0.5,2.0,1.0,1.0,1.0,2.0,1.0,19.5,2.0,1.0,1.0,1.0,1.0,2.0,2.0,2.0,1.0,2.0,1.0,2.0,1.0,1.0,1.0,1.0,0.5,1.0,23.5
104,NU,2.0,Snorlax,Immunity~Thick Fat~Gluttony,Normal,160,110,65,65,110,30,540,1.0,1.0,1.0,1.0,1.0,1.0,2.0,1.0,1.0,1.0,1.0,1.0,1.0,0.0,1.0,1.0,1.0,1.0,18.0,1.0,1.0,1.0,1.0,1.0,1.0,1.0,1.0,0.0,1.0,1.0,1.0,1.0,1.0,1.0,0.5,0.5,1.0,16.0
105,(PU),0.0,Articuno,Pressure~Snow Cloak,Ice~Flying,90,85,100,95,125,85,580,1.0,2.0,1.0,2.0,0.5,1.0,1.0,1.0,0.0,1.0,1.0,0.5,4.0,1.0,1.0,1.0,2.0,1.0,22.0,2.0,1.0,2.0,1.0,1.0,2.0,1.0,2.0,1.0,2.0,2.0,1.0,1.0,1.0,1.0,1.0,0.5,1.0,23.5
106,OU,5.0,Zapdos,Pressure~Static,Electric~Flying,90,90,85,125,90,100,580,1.0,1.0,1.0,1.0,0.5,2.0,0.5,1.0,0.0,0.5,1.0,0.5,2.0,1.0,1.0,1.0,0.5,1.0,16.5,2.0,1.0,1.0,0.5,1.0,2.0,1.0,2.0,1.0,2.0,1.0,1.0,1.0,1.0,1.0,1.0,1.0,2.0,22.5
107,UU,4.0,Moltres,Pressure~Flame Body,Fire~Flying,90,100,90,125,85,90,580,1.0,0.5,2.0,2.0,0.25,1.0,0.5,1.0,0.0,1.0,1.0,0.25,4.0,1.0,1.0,1.0,0.5,0.5,18.5,2.0,1.0,1.0,1.0,1.0,2.0,1.0,1.0,1.0,2.0,1.0,2.0,1.0,1.0,1.0,0.5,2.0,1.0,22.5
110,OU,5.0,Dragonite,Inner Focus~Multiscale,Dragon~Flying,91,134,95,100,100,80,600,1.0,0.5,0.5,1.0,0.25,4.0,0.5,1.0,0.0,1.0,1.0,0.5,2.0,1.0,2.0,1.0,1.0,2.0,20.25,2.0,1.0,2.0,1.0,1.0,2.0,1.0,1.0,1.0,2.0,1.0,1.0,1.0,1.0,1.0,1.0,0.5,1.0,21.5
111,Uber,6.0,Mewtwo,Pressure~Unnerve,Psychic,106,110,90,154,90,130,680,1.0,1.0,1.0,1.0,1.0,1.0,0.5,1.0,1.0,1.0,0.5,2.0,1.0,2.0,1.0,2.0,1.0,1.0,20.0,1.0,0.0,1.0,1.0,1.0,2.0,1.0,1.0,1.0,1.0,1.0,1.0,1.0,2.0,0.5,1.0,0.5,1.0,18.0
112,OU,5.0,Mew,Synchronize,Psychic,100,100,100,100,100,100,600,1.0,1.0,1.0,1.0,1.0,1.0,0.5,1.0,1.0,1.0,0.5,2.0,1.0,2.0,1.0,2.0,1.0,1.0,20.0,1.0,0.0,1.0,1.0,1.0,2.0,1.0,1.0,1.0,1.0,1.0,1.0,1.0,2.0,0.5,1.0,0.5,1.0,18.0
114,(PU),0.0,Noctowl,Insomnia~Keen Eye~Tinted Lens,Normal~Flying,100,50,50,86,96,70,452,1.0,1.0,1.0,2.0,0.5,2.0,1.0,1.0,0.0,1.0,1.0,0.5,2.0,0.0,1.0,1.0,1.0,1.0,18.0,2.0,1.0,1.0,1.0,1.0,2.0,1.0,1.0,1.0,2.0,1.0,1.0,1.0,1.0,1.0,0.5,0.5,1.0,20.0
115,RU,3.0,Crobat,Inner Focus~Infiltrator,Poison~Flying,85,90,80,70,80,130,535,1.0,1.0,1.0,2.0,0.25,2.0,0.25,0.5,0.0,1.0,2.0,0.25,2.0,1.0,1.0,1.0,1.0,0.5,17.75,2.0,1.0,1.0,1.0,2.0,2.0,1.0,1.0,1.0,2.0,1.0,1.0,1.0,1.0,1.0,0.5,0.5,1.0,21.0
117,PU,1.0,Lanturn,Volt Absorb~Illuminate~Water Absorb,Water~Electric,125,58,58,76,76,67,460,1.0,0.5,0.5,1.0,2.0,0.5,1.0,1.0,2.0,0.5,1.0,1.0,1.0,1.0,1.0,1.0,0.25,1.0,17.25,1.0,1.0,0.5,1.0,1.0,1.0,2.0,2.0,1.0,0.5,2.0,1.0,1.0,1.0,1.0,2.0,1.0,2.0,22.0
124,NU,2.0,Xatu,Synchronize~Early Bird~Magic Bounce,Psychic~Flying,65,75,70,95,70,95,470,1.0,1.0,1.0,2.0,0.5,2.0,0.25,1.0,0.0,1.0,0.5,1.0,2.0,2.0,1.0,2.0,1.0,1.0,20.25,2.0,1.0,1.0,1.0,1.0,2.0,1.0,1.0,1.0,2.0,1.0,1.0,1.0,2.0,1.0,1.0,0.5,1.0,21.5
125,(PU),0.0,Bellossom,Chlorophyll~Healer,Grass,75,80,95,90,100,50,490,1.0,2.0,0.5,0.5,0.5,2.0,1.0,2.0,0.5,2.0,1.0,2.0,1.0,1.0,1.0,1.0,1.0,1.0,21.0,0.5,1.0,0.5,1.0,1.0,1.0,0.5,0.5,1.0,0.5,2.0,1.0,1.0,0.5,1.0,2.0,0.5,2.0,17.5
127,UU,4.0,Azumarill,Thick Fat~Huge Power~Sap Sipper,Water~Fairy,100,50,80,60,80,50,420,1.0,0.5,0.5,2.0,2.0,0.5,0.5,2.0,1.0,1.0,1.0,0.5,1.0,1.0,0.0,0.5,1.0,1.0,17.0,1.0,1.0,2.0,1.0,1.0,2.0,2.0,1.0,1.0,1.0,2.0,1.0,1.0,1.0,1.0,2.0,1.0,1.0,23.0
128,(PU),0.0,Sudowoodo,Sturdy~Rock Head~Rattled,Rock,70,100,115,30,65,30,410,0.5,0.5,2.0,1.0,2.0,1.0,2.0,0.5,2.0,0.5,1.0,1.0,1.0,1.0,1.0,1.0,2.0,1.0,21.0,2.0,1.0,1.0,1.0,1.0,0.5,2.0,2.0,1.0,1.0,0.5,2.0,1.0,1.0,1.0,1.0,0.5,1.0,20.5
129,RU,3.0,Politoed,Water Absorb~Damp~Drizzle,Water,90,75,75,90,100,70,500,1.0,0.5,0.5,2.0,2.0,0.5,1.0,1.0,1.0,1.0,1.0,1.0,1.0,1.0,1.0,1.0,0.5,1.0,18.0,1.0,1.0,0.5,1.0,1.0,1.0,2.0,1.0,1.0,0.5,2.0,1.0,1.0,1.0,1.0,2.0,1.0,0.5,19.5
131,PU,1.0,Quagsire,Damp~Water Absorb~Unaware,Water~Ground,95,85,85,65,65,35,430,1.0,0.5,1.0,0.0,4.0,1.0,1.0,0.5,1.0,1.0,1.0,1.0,0.5,1.0,1.0,1.0,0.5,1.0,18.0,1.0,1.0,1.0,2.0,1.0,1.0,2.0,1.0,1.0,0.5,2.0,1.0,1.0,2.0,1.0,2.0,2.0,1.0,23.5
132,NU,2.0,Espeon,Synchronize~Magic Bounce,Psychic,65,65,60,130,95,110,525,1.0,1.0,1.0,1.0,1.0,1.0,0.5,1.0,1.0,1.0,0.5,2.0,1.0,2.0,1.0,2.0,1.0,1.0,20.0,1.0,0.0,1.0,1.0,1.0,2.0,1.0,1.0,1.0,1.0,1.0,1.0,1.0,2.0,0.5,1.0,0.5,1.0,18.0
133,RU,3.0,Umbreon,Synchronize~Inner Focus,Dark,95,65,110,60,130,65,525,1.0,1.0,1.0,1.0,1.0,1.0,2.0,1.0,1.0,1.0,0.0,2.0,1.0,0.5,1.0,0.5,1.0,2.0,19.0,1.0,0.5,1.0,1.0,0.5,0.5,1.0,1.0,2.0,1.0,2.0,1.0,2.0,1.0,2.0,1.0,1.0,1.0,20.5
134,UU,4.0,Slowking,Oblivious~Own Tempo~Regenerator,Water~Psychic,95,75,80,100,110,30,490,1.0,0.5,0.5,2.0,2.0,0.5,0.5,1.0,1.0,1.0,0.5,2.0,1.0,2.0,1.0,2.0,0.5,1.0,20.0,1.0,1.0,1.0,1.0,1.0,2.0,2.0,1.0,1.0,1.0,2.0,1.0,1.0,2.0,1.0,2.0,1.0,1.0,23.0
135,(PU),0.0,Wobbuffet,Shadow Tag~Telepathy,Psychic,190,33,58,33,58,33,405,1.0,1.0,1.0,1.0,1.0,1.0,0.5,1.0,1.0,1.0,0.5,2.0,1.0,2.0,1.0,2.0,1.0,1.0,20.0,1.0,0.0,1.0,1.0,1.0,2.0,1.0,1.0,1.0,1.0,1.0,1.0,1.0,2.0,0.5,1.0,0.5,1.0,18.0
136,(PU),0.0,Dunsparce,Serene Grace~Run Away~Rattled,Normal,100,70,70,65,65,45,415,1.0,1.0,1.0,1.0,1.0,1.0,2.0,1.0,1.0,1.0,1.0,1.0,1.0,0.0,1.0,1.0,1.0,1.0,18.0,1.0,1.0,1.0,1.0,1.0,1.0,1.0,1.0,0.0,1.0,1.0,1.0,1.0,1.0,1.0,0.5,0.5,1.0,16.0
137,RU,3.0,Steelix,Rock Head~Sturdy~Sheer Force,Steel~Ground,75,85,200,55,65,30,510,0.5,2.0,2.0,0.0,1.0,1.0,2.0,0.0,2.0,0.5,0.5,0.5,0.25,1.0,0.5,1.0,0.5,0.5,15.75,1.0,1.0,1.0,2.0,2.0,1.0,2.0,1.0,1.0,1.0,1.0,2.0,1.0,2.0,1.0,2.0,2.0,1.0,25.0
138,(PU),0.0,Qwilfish,Poison Point~Swift Swim~Intimidate,Water~Poison,65,95,85,55,55,85,440,1.0,0.5,0.5,2.0,1.0,0.5,0.5,0.5,2.0,1.0,2.0,0.5,1.0,1.0,1.0,1.0,0.5,0.5,17.0,1.0,1.0,1.0,1.0,2.0,1.0,2.0,1.0,1.0,2.0,2.0,1.0,1.0,1.0,1.0,2.0,1.0,1.0,23.0
139,OU,5.0,Scizor,Swarm~Technician~Light Metal,Bug~Steel,70,130,100,55,80,65,500,0.5,4.0,1.0,1.0,0.25,0.5,1.0,0.0,1.0,1.0,0.5,0.5,1.0,1.0,0.5,1.0,0.5,0.5,15.75,1.0,2.0,1.0,1.0,2.0,1.0,0.5,1.0,1.0,2.0,1.0,2.0,1.0,1.0,2.0,2.0,0.5,1.0,23.0
140,(PU),0.0,Shuckle,Sturdy~Gluttony~Contrary,Bug~Rock,20,10,230,10,230,5,505,0.5,1.0,2.0,1.0,1.0,1.0,1.0,0.5,1.0,1.0,1.0,1.0,2.0,1.0,1.0,1.0,2.0,1.0,20.0,2.0,2.0,1.0,1.0,1.0,0.5,2.0,2.0,1.0,2.0,1.0,2.0,1.0,1.0,2.0,1.0,0.5,1.0,24.0
141,RU,3.0,Heracross,Swarm~Guts~Moxie,Bug~Fighting,80,125,75,40,95,85,500,1.0,2.0,1.0,1.0,0.5,1.0,0.5,1.0,0.5,4.0,2.0,0.5,1.0,1.0,1.0,0.5,1.0,2.0,21.5,1.0,2.0,1.0,1.0,0.5,1.0,1.0,0.5,0.5,2.0,1.0,2.0,2.0,0.5,2.0,2.0,2.0,1.0,23.0
145,(PU),0.0,Corsola,Hustle~Natural Cure~Regenerator,Water~Rock,65,55,95,65,95,35,410,0.5,0.25,1.0,2.0,4.0,0.5,2.0,0.5,2.0,0.5,1.0,1.0,1.0,1.0,1.0,1.0,1.0,1.0,21.25,2.0,1.0,1.0,1.0,1.0,1.0,2.0,2.0,1.0,1.0,2.0,2.0,1.0,1.0,1.0,2.0,1.0,1.0,24.0
147,(PU),0.0,Octillery,Suction Cups~Sniper~Moody,Water,75,105,75,105,75,45,480,1.0,0.5,0.5,2.0,2.0,0.5,1.0,1.0,1.0,1.0,1.0,1.0,1.0,1.0,1.0,1.0,0.5,1.0,18.0,1.0,1.0,0.5,1.0,1.0,1.0,2.0,1.0,1.0,0.5,2.0,1.0,1.0,1.0,1.0,2.0,1.0,0.5,19.5
148,(PU),0.0,Delibird,Vital Spirit~Hustle~Insomnia,Ice~Flying,45,55,45,65,45,75,330,1.0,2.0,1.0,2.0,0.5,1.0,1.0,1.0,0.0,1.0,1.0,0.5,4.0,1.0,1.0,1.0,2.0,1.0,22.0,2.0,1.0,2.0,1.0,1.0,2.0,1.0,2.0,1.0,2.0,2.0,1.0,1.0,1.0,1.0,1.0,0.5,1.0,23.5
149,NU,2.0,Mantine,Swift Swim~Water Absorb~Water Veil,Water~Flying,85,40,70,80,140,70,485,1.0,0.5,0.5,4.0,1.0,1.0,0.5,1.0,0.0,1.0,1.0,0.5,2.0,1.0,1.0,1.0,0.5,1.0,18.5,2.0,1.0,1.0,1.0,1.0,2.0,2.0,1.0,1.0,2.0,2.0,1.0,1.0,1.0,1.0,2.0,1.0,1.0,24.0
150,UU,4.0,Skarmory,Keen Eye~Sturdy~Weak Armor,Steel~Flying,65,80,140,40,70,70,465,0.5,2.0,1.0,2.0,0.25,1.0,1.0,0.0,0.0,0.5,0.5,0.25,1.0,1.0,0.5,1.0,0.5,0.5,13.5,2.0,1.0,1.0,0.5,2.0,2.0,1.0,1.0,1.0,2.0,1.0,2.0,1.0,1.0,1.0,2.0,0.5,1.0,23.0
151,PUBL,1.5,Kingdra,Swift Swim~Sniper~Damp,Water~Dragon,75,95,95,95,95,85,540,1.0,0.25,0.25,1.0,1.0,1.0,1.0,1.0,1.0,1.0,1.0,1.0,1.0,1.0,2.0,1.0,0.5,2.0,18.0,1.0,1.0,2.0,1.0,1.0,1.0,2.0,1.0,1.0,1.0,2.0,1.0,1.0,1.0,1.0,2.0,1.0,1.0,22.0
152,RU,3.0,Porygon2,Trace~Download~Analytic,Normal,85,80,90,105,95,60,515,1.0,1.0,1.0,1.0,1.0,1.0,2.0,1.0,1.0,1.0,1.0,1.0,1.0,0.0,1.0,1.0,1.0,1.0,18.0,1.0,1.0,1.0,1.0,1.0,1.0,1.0,1.0,0.0,1.0,1.0,1.0,1.0,1.0,1.0,0.5,0.5,1.0,16.0
154,PU,1.0,Hitmontop,Intimidate~Technician~Steadfast,Fighting,50,95,95,35,110,70,455,1.0,1.0,1.0,1.0,1.0,1.0,1.0,1.0,1.0,2.0,2.0,0.5,0.5,1.0,1.0,0.5,1.0,2.0,19.5,0.5,2.0,1.0,1.0,0.5,1.0,1.0,0.5,0.0,1.0,1.0,2.0,2.0,0.5,0.5,2.0,2.0,1.0,19.5
158,(PU),0.0,Miltank,Thick Fat~Scrappy~Sap Sipper,Normal,95,80,105,40,70,100,490,1.0,1.0,1.0,1.0,1.0,1.0,2.0,1.0,1.0,1.0,1.0,1.0,1.0,0.0,1.0,1.0,1.0,1.0,18.0,1.0,1.0,1.0,1.0,1.0,1.0,1.0,1.0,0.0,1.0,1.0,1.0,1.0,1.0,1.0,0.5,0.5,1.0,16.0
159,OU,5.0,Blissey,Natural Cure~Serene Grace~Healer,Normal,255,10,10,75,135,55,540,1.0,1.0,1.0,1.0,1.0,1.0,2.0,1.0,1.0,1.0,1.0,1.0,1.0,0.0,1.0,1.0,1.0,1.0,18.0,1.0,1.0,1.0,1.0,1.0,1.0,1.0,1.0,0.0,1.0,1.0,1.0,1.0,1.0,1.0,0.5,0.5,1.0,16.0
160,RU,3.0,Raikou,Pressure~Inner Focus,Electric,90,85,75,115,100,115,580,1.0,1.0,1.0,0.5,1.0,1.0,1.0,1.0,2.0,0.5,1.0,1.0,1.0,1.0,1.0,1.0,0.5,1.0,17.5,1.0,1.0,0.5,0.5,1.0,1.0,1.0,2.0,1.0,0.5,0.0,1.0,1.0,1.0,1.0,1.0,1.0,2.0,17.5
161,NUBL,2.5,Entei,Pressure~Inner Focus,Fire,115,115,85,90,75,100,580,1.0,0.5,2.0,1.0,0.5,0.5,1.0,1.0,2.0,1.0,1.0,0.5,2.0,1.0,1.0,1.0,0.5,0.5,18.0,2.0,1.0,0.5,1.0,1.0,1.0,0.5,1.0,1.0,2.0,1.0,2.0,1.0,1.0,1.0,0.5,2.0,0.5,20.0
162,RU,3.0,Suicune,Pressure~Inner Focus,Water,100,75,115,90,115,85,580,1.0,0.5,0.5,2.0,2.0,0.5,1.0,1.0,1.0,1.0,1.0,1.0,1.0,1.0,1.0,1.0,0.5,1.0,18.0,1.0,1.0,0.5,1.0,1.0,1.0,2.0,1.0,1.0,0.5,2.0,1.0,1.0,1.0,1.0,2.0,1.0,0.5,19.5
165,OU,5.0,Tyranitar,Sand Stream~Unnerve,Rock~Dark,100,134,110,95,100,61,600,0.5,0.5,2.0,1.0,2.0,1.0,4.0,0.5,2.0,0.5,0.0,2.0,1.0,0.5,1.0,0.5,2.0,2.0,23.0,2.0,1.0,1.0,1.0,1.0,0.5,2.0,2.0,2.0,1.0,2.0,2.0,2.0,1.0,2.0,1.0,1.0,1.0,25.5
166,Uber,6.0,Lugia,Pressure~Multiscale,Psychic~Flying,106,90,130,90,154,110,680,1.0,1.0,1.0,2.0,0.5,2.0,0.25,1.0,0.0,1.0,0.5,1.0,2.0,2.0,1.0,2.0,1.0,1.0,20.25,2.0,1.0,1.0,1.0,1.0,2.0,1.0,1.0,1.0,2.0,1.0,1.0,1.0,2.0,1.0,1.0,0.5,1.0,21.5
167,RU,3.0,Celebi,Natural Cure,Psychic~Grass,100,100,100,100,100,100,600,1.0,2.0,0.5,0.5,0.5,2.0,0.5,2.0,0.5,2.0,0.5,4.0,1.0,2.0,1.0,2.0,1.0,1.0,24.0,1.0,1.0,1.0,1.0,1.0,2.0,1.0,1.0,1.0,1.0,2.0,1.0,1.0,2.0,1.0,2.0,0.5,2.0,22.5
170,PUBL,1.5,Sceptile,Overgrow~Unburden,Grass,70,85,65,105,85,120,530,1.0,2.0,0.5,0.5,0.5,2.0,1.0,2.0,0.5,2.0,1.0,2.0,1.0,1.0,1.0,1.0,1.0,1.0,21.0,0.5,1.0,0.5,1.0,1.0,1.0,0.5,0.5,1.0,0.5,2.0,1.0,1.0,0.5,1.0,2.0,0.5,2.0,17.5
173,UUBL,4.5,Blaziken,Blaze~Speed Boost,Fire~Fighting,80,120,70,110,70,80,530,1.0,0.5,2.0,1.0,0.5,0.5,1.0,1.0,2.0,2.0,2.0,0.25,1.0,1.0,1.0,0.5,0.5,1.0,18.75,2.0,2.0,1.0,1.0,1.0,1.0,1.0,1.0,1.0,2.0,1.0,2.0,2.0,1.0,1.0,2.0,2.0,1.0,25.0
176,UU,4.0,Swampert,Torrent~Damp,Water~Ground,100,110,90,85,90,60,535,1.0,0.5,1.0,0.0,4.0,1.0,1.0,0.5,1.0,1.0,1.0,1.0,0.5,1.0,1.0,1.0,0.5,1.0,18.0,1.0,1.0,1.0,2.0,1.0,1.0,2.0,1.0,1.0,0.5,2.0,1.0,1.0,2.0,1.0,2.0,2.0,1.0,23.5
178,NUBL,2.5,Linoone,Pickup~Gluttony~Quick Feet,Normal,78,70,61,50,61,100,420,1.0,1.0,1.0,1.0,1.0,1.0,2.0,1.0,1.0,1.0,1.0,1.0,1.0,0.0,1.0,1.0,1.0,1.0,18.0,1.0,1.0,1.0,1.0,1.0,1.0,1.0,1.0,0.0,1.0,1.0,1.0,1.0,1.0,1.0,0.5,0.5,1.0,16.0
181,(PU),0.0,Ludicolo,Swift Swim~Rain Dish~Own Tempo,Water~Grass,80,70,70,90,100,70,480,1.0,1.0,0.25,1.0,1.0,1.0,1.0,2.0,0.5,2.0,1.0,2.0,1.0,1.0,1.0,1.0,0.5,1.0,19.25,1.0,1.0,0.5,1.0,1.0,1.0,2.0,1.0,1.0,0.5,2.0,1.0,1.0,1.0,1.0,2.0,1.0,2.0,21.0
184,(PU),0.0,Shiftry,Chlorophyll~Early Bird~Pickpocket,Grass~Dark,90,100,60,90,60,80,480,1.0,2.0,0.5,0.5,0.5,2.0,2.0,2.0,0.5,2.0,0.0,4.0,1.0,0.5,1.0,0.5,1.0,2.0,23.0,1.0,1.0,1.0,1.0,1.0,1.0,1.0,1.0,2.0,1.0,2.0,1.0,2.0,1.0,2.0,2.0,1.0,2.0,24.0
186,OU,5.0,Pelipper,Keen Eye~Drizzle~Rain Dish,Water~Flying,60,50,100,95,70,65,440,1.0,0.5,0.5,4.0,1.0,1.0,0.5,1.0,0.0,1.0,1.0,0.5,2.0,1.0,1.0,1.0,0.5,1.0,18.5,2.0,1.0,1.0,1.0,1.0,2.0,2.0,1.0,1.0,2.0,2.0,1.0,1.0,1.0,1.0,2.0,1.0,1.0,24.0
189,RU,3.0,Gardevoir,Synchronize~Trace~Telepathy,Psychic~Fairy,68,65,65,125,115,80,518,1.0,1.0,1.0,1.0,1.0,1.0,0.25,2.0,1.0,1.0,0.5,1.0,1.0,2.0,0.0,1.0,2.0,1.0,18.75,1.0,1.0,2.0,1.0,1.0,2.0,1.0,1.0,1.0,1.0,1.0,1.0,1.0,2.0,1.0,1.0,0.5,1.0,20.5
191,NU,2.0,Ninjask,Speed Boost~Infiltrator,Bug~Flying,61,90,45,50,50,160,456,1.0,2.0,1.0,2.0,0.25,2.0,0.25,1.0,0.0,2.0,1.0,0.5,4.0,1.0,1.0,1.0,1.0,1.0,22.0,2.0,2.0,1.0,1.0,1.0,2.0,1.0,1.0,1.0,2.0,1.0,1.0,1.0,1.0,2.0,1.0,0.5,1.0,22.5
192,(PU),0.0,Shedinja,Wonder Guard,Bug~Ghost,1,90,45,30,30,40,236,0.0,2.0,1.0,1.0,0.5,1.0,0.0,0.5,0.5,2.0,1.0,0.5,2.0,2.0,1.0,2.0,1.0,1.0,19.0,1.0,2.0,1.0,1.0,1.0,1.0,1.0,1.0,2.0,2.0,1.0,1.0,1.0,1.0,2.0,1.0,1.0,1.0,22.0
195,NU,2.0,Exploud,Soundproof~Scrappy,Normal,104,91,63,91,73,68,490,1.0,1.0,1.0,1.0,1.0,1.0,2.0,1.0,1.0,1.0,1.0,1.0,1.0,0.0,1.0,1.0,1.0,1.0,18.0,1.0,1.0,1.0,1.0,1.0,1.0,1.0,1.0,0.0,1.0,1.0,1.0,1.0,1.0,1.0,0.5,0.5,1.0,16.0
197,(PU),0.0,Sableye,Keen Eye~Stall~Prankster,Dark~Ghost,50,75,75,65,65,50,380,0.0,1.0,1.0,1.0,1.0,1.0,0.0,0.5,1.0,1.0,0.0,1.0,1.0,1.0,1.0,1.0,1.0,2.0,15.5,1.0,0.5,1.0,1.0,1.0,1.0,1.0,1.0,2.0,1.0,2.0,1.0,2.0,1.0,2.0,1.0,1.0,1.0,21.5
198,(PU),0.0,Mawile,Hyper Cutter~Intimidate~Sheer Force,Steel~Fairy,50,85,85,55,55,50,380,0.5,2.0,1.0,1.0,0.5,0.5,1.0,0.0,2.0,0.5,0.5,0.25,0.5,1.0,0.0,0.5,1.0,0.5,13.25,1.0,1.0,2.0,1.0,2.0,2.0,0.5,1.0,1.0,1.0,1.0,2.0,1.0,1.0,1.0,2.0,0.5,1.0,22.0
201,PU,1.0,Aggron,Sturdy~Rock Head~Heavy Metal,Steel~Rock,70,110,180,60,60,50,530,0.25,1.0,2.0,1.0,1.0,0.5,4.0,0.0,4.0,0.25,0.5,0.5,0.5,1.0,0.5,1.0,1.0,0.5,19.5,2.0,1.0,1.0,1.0,2.0,1.0,2.0,2.0,1.0,1.0,1.0,2.0,1.0,1.0,1.0,2.0,0.5,1.0,23.5
203,(PU),0.0,Manectric,Static~Lightning Rod~Minus,Electric,70,75,60,105,60,105,475,1.0,1.0,1.0,0.5,1.0,1.0,1.0,1.0,2.0,0.5,1.0,1.0,1.0,1.0,1.0,1.0,0.5,1.0,17.5,1.0,1.0,0.5,0.5,1.0,1.0,1.0,2.0,1.0,0.5,0.0,1.0,1.0,1.0,1.0,1.0,1.0,2.0,17.5
206,RU,3.0,Sharpedo,Rough Skin~Speed Boost,Water~Dark,70,120,40,95,40,95,460,1.0,0.5,0.5,2.0,2.0,0.5,2.0,1.0,1.0,1.0,0.0,2.0,1.0,0.5,1.0,0.5,0.5,2.0,19.0,1.0,1.0,1.0,1.0,1.0,1.0,2.0,1.0,2.0,1.0,2.0,1.0,2.0,1.0,2.0,2.0,1.0,1.0,24.0
208,(PU),0.0,Wailord,Water Veil~Oblivious~Pressure,Water,170,90,45,90,45,60,500,1.0,0.5,0.5,2.0,2.0,0.5,1.0,1.0,1.0,1.0,1.0,1.0,1.0,1.0,1.0,1.0,0.5,1.0,18.0,1.0,1.0,0.5,1.0,1.0,1.0,2.0,1.0,1.0,0.5,2.0,1.0,1.0,1.0,1.0,2.0,1.0,0.5,19.5
209,(PU),0.0,Torkoal,White Smoke~Drought~Shell Armor,Fire,70,85,140,85,70,20,470,1.0,0.5,2.0,1.0,0.5,0.5,1.0,1.0,2.0,1.0,1.0,0.5,2.0,1.0,1.0,1.0,0.5,0.5,18.0,2.0,1.0,0.5,1.0,1.0,1.0,0.5,1.0,1.0,2.0,1.0,2.0,1.0,1.0,1.0,0.5,2.0,0.5,20.0
212,RU,3.0,Flygon,Levitate,Ground~Dragon,80,100,80,80,80,100,520,1.0,0.5,1.0,0.0,1.0,4.0,1.0,0.5,1.0,1.0,1.0,1.0,0.5,1.0,2.0,1.0,1.0,2.0,20.5,1.0,1.0,2.0,2.0,1.0,1.0,2.0,1.0,1.0,1.0,1.0,1.0,1.0,2.0,1.0,2.0,2.0,1.0,24.0
214,(PU),0.0,Altaria,Natural Cure~Cloud Nine,Dragon~Flying,75,70,90,70,105,80,490,1.0,0.5,0.5,1.0,0.25,4.0,0.5,1.0,0.0,1.0,1.0,0.5,2.0,1.0,2.0,1.0,1.0,2.0,20.25,2.0,1.0,2.0,1.0,1.0,2.0,1.0,1.0,1.0,2.0,1.0,1.0,1.0,1.0,1.0,1.0,0.5,1.0,21.5
215,(PU),0.0,Lunatone,Levitate,Rock~Psychic,90,55,65,95,85,70,460,0.5,0.5,2.0,1.0,2.0,1.0,1.0,0.5,2.0,0.5,0.5,2.0,1.0,2.0,1.0,2.0,2.0,1.0,22.5,2.0,1.0,1.0,1.0,1.0,2.0,2.0,2.0,1.0,1.0,1.0,2.0,1.0,2.0,1.0,1.0,0.5,1.0,23.5
216,(PU),0.0,Solrock,Levitate,Rock~Psychic,90,95,85,55,65,70,460,0.5,0.5,2.0,1.0,2.0,1.0,1.0,0.5,2.0,0.5,0.5,2.0,1.0,2.0,1.0,2.0,2.0,1.0,22.5,2.0,1.0,1.0,1.0,1.0,2.0,2.0,2.0,1.0,1.0,1.0,2.0,1.0,2.0,1.0,1.0,0.5,1.0,23.5
218,(PU),0.0,Whiscash,Oblivious~Anticipation~Hydration,Water~Ground,110,78,73,76,71,60,468,1.0,0.5,1.0,0.0,4.0,1.0,1.0,0.5,1.0,1.0,1.0,1.0,0.5,1.0,1.0,1.0,0.5,1.0,18.0,1.0,1.0,1.0,2.0,1.0,1.0,2.0,1.0,1.0,0.5,2.0,1.0,1.0,2.0,1.0,2.0,2.0,1.0,23.5
220,UU,4.0,Crawdaunt,Hyper Cutter~Shell Armor~Adaptability,Water~Dark,63,120,85,90,55,55,468,1.0,0.5,0.5,2.0,2.0,0.5,2.0,1.0,1.0,1.0,0.0,2.0,1.0,0.5,1.0,0.5,0.5,2.0,19.0,1.0,1.0,1.0,1.0,1.0,1.0,2.0,1.0,2.0,1.0,2.0,1.0,2.0,1.0,2.0,2.0,1.0,1.0,24.0
222,PU,1.0,Claydol,Levitate,Ground~Psychic,60,70,105,70,120,75,500,1.0,1.0,2.0,0.0,2.0,2.0,0.5,0.5,1.0,1.0,0.5,2.0,0.5,2.0,1.0,2.0,1.0,1.0,21.0,1.0,1.0,1.0,2.0,1.0,2.0,2.0,1.0,1.0,1.0,1.0,1.0,1.0,2.0,1.0,2.0,2.0,1.0,24.0
224,(PU),0.0,Cradily,Suction Cups~Storm Drain,Rock~Grass,86,81,97,81,107,43,495,0.5,1.0,1.0,0.5,1.0,2.0,2.0,1.0,1.0,1.0,1.0,2.0,1.0,1.0,1.0,1.0,2.0,1.0,21.0,2.0,1.0,1.0,1.0,1.0,1.0,2.0,2.0,1.0,1.0,2.0,2.0,1.0,1.0,1.0,2.0,0.5,2.0,24.5
226,(PU),0.0,Armaldo,Battle Armor~Swift Swim,Rock~Bug,75,125,100,70,80,45,495,0.5,1.0,2.0,1.0,1.0,1.0,1.0,0.5,1.0,1.0,1.0,1.0,2.0,1.0,1.0,1.0,2.0,1.0,20.0,2.0,2.0,1.0,1.0,1.0,0.5,2.0,2.0,1.0,2.0,1.0,2.0,1.0,1.0,2.0,1.0,0.5,1.0,24.0
228,RU,3.0,Milotic,Marvel Scale~Competitive~Cute Charm,Water,95,60,79,100,125,81,540,1.0,0.5,0.5,2.0,2.0,0.5,1.0,1.0,1.0,1.0,1.0,1.0,1.0,1.0,1.0,1.0,0.5,1.0,18.0,1.0,1.0,0.5,1.0,1.0,1.0,2.0,1.0,1.0,0.5,2.0,1.0,1.0,1.0,1.0,2.0,1.0,0.5,19.5
231,PU,1.0,Absol,Pressure~Super Luck~Justified,Dark,65,130,60,75,60,75,465,1.0,1.0,1.0,1.0,1.0,1.0,2.0,1.0,1.0,1.0,0.0,2.0,1.0,0.5,1.0,0.5,1.0,2.0,19.0,1.0,0.5,1.0,1.0,0.5,0.5,1.0,1.0,2.0,1.0,2.0,1.0,2.0,1.0,2.0,1.0,1.0,1.0,20.5
234,(PU),0.0,Glalie,Inner Focus~Ice Body~Moody,Ice,80,80,80,80,80,80,480,1.0,2.0,1.0,1.0,1.0,0.5,2.0,1.0,1.0,1.0,1.0,1.0,2.0,1.0,1.0,1.0,2.0,1.0,21.5,1.0,1.0,2.0,1.0,1.0,1.0,0.5,2.0,1.0,2.0,2.0,0.5,1.0,1.0,1.0,1.0,0.5,0.5,20.0
237,(PU),0.0,Walrein,Thick Fat~Ice Body~Oblivious,Ice~Water,110,80,90,95,90,65,530,1.0,1.0,0.5,2.0,2.0,0.25,2.0,1.0,1.0,1.0,1.0,1.0,2.0,1.0,1.0,1.0,1.0,1.0,20.75,1.0,1.0,2.0,1.0,1.0,1.0,2.0,2.0,1.0,2.0,2.0,1.0,1.0,1.0,1.0,2.0,1.0,0.5,23.5
238,(PU),0.0,Relicanth,Swift Swim~Rock Head~Sturdy,Water~Rock,100,90,130,45,65,55,485,0.5,0.25,1.0,2.0,4.0,0.5,2.0,0.5,2.0,0.5,1.0,1.0,1.0,1.0,1.0,1.0,1.0,1.0,21.25,2.0,1.0,1.0,1.0,1.0,1.0,2.0,2.0,1.0,1.0,2.0,2.0,1.0,1.0,1.0,2.0,1.0,1.0,24.0
241,UU,4.0,Salamence,Intimidate~Moxie,Dragon~Flying,95,135,80,110,80,100,600,1.0,0.5,0.5,1.0,0.25,4.0,0.5,1.0,0.0,1.0,1.0,0.5,2.0,1.0,2.0,1.0,1.0,2.0,20.25,2.0,1.0,2.0,1.0,1.0,2.0,1.0,1.0,1.0,2.0,1.0,1.0,1.0,1.0,1.0,1.0,0.5,1.0,21.5
244,RU,3.0,Metagross,Clear Body~Light Metal,Steel~Psychic,80,135,130,95,90,70,600,0.5,2.0,1.0,1.0,0.5,0.5,1.0,0.0,2.0,0.5,0.25,1.0,0.5,2.0,0.5,2.0,0.5,0.5,16.25,1.0,1.0,1.0,1.0,2.0,2.0,1.0,1.0,1.0,1.0,1.0,2.0,1.0,2.0,1.0,2.0,0.5,1.0,22.5
245,PU,1.0,Regirock,Clear Body~Sturdy,Rock,80,100,200,50,100,50,580,0.5,0.5,2.0,1.0,2.0,1.0,2.0,0.5,2.0,0.5,1.0,1.0,1.0,1.0,1.0,1.0,2.0,1.0,21.0,2.0,1.0,1.0,1.0,1.0,0.5,2.0,2.0,1.0,1.0,0.5,2.0,1.0,1.0,1.0,1.0,0.5,1.0,20.5
246,(PU),0.0,Regice,Clear Body~Ice Body,Ice,80,50,100,100,200,50,580,1.0,2.0,1.0,1.0,1.0,0.5,2.0,1.0,1.0,1.0,1.0,1.0,2.0,1.0,1.0,1.0,2.0,1.0,21.5,1.0,1.0,2.0,1.0,1.0,1.0,0.5,2.0,1.0,2.0,2.0,0.5,1.0,1.0,1.0,1.0,0.5,0.5,20.0
247,RU,3.0,Registeel,Clear Body~Light Metal,Steel,80,75,150,75,150,50,580,0.5,2.0,1.0,1.0,0.5,0.5,2.0,0.0,2.0,0.5,0.5,0.5,0.5,1.0,0.5,1.0,0.5,0.5,15.0,1.0,1.0,1.0,0.5,2.0,1.0,0.5,1.0,1.0,1.0,1.0,2.0,1.0,1.0,1.0,2.0,0.5,0.5,19.0
248,UUBL,4.5,Latias,Levitate,Dragon~Psychic,80,80,90,110,130,110,600,1.0,0.5,0.5,0.5,0.5,2.0,0.5,1.0,1.0,1.0,0.5,2.0,1.0,2.0,2.0,2.0,1.0,2.0,21.0,1.0,1.0,2.0,1.0,1.0,2.0,1.0,1.0,1.0,1.0,1.0,1.0,1.0,2.0,1.0,1.0,0.5,1.0,20.5
249,UUBL,4.5,Latios,Levitate,Dragon~Psychic,80,90,80,130,110,110,600,1.0,0.5,0.5,0.5,0.5,2.0,0.5,1.0,1.0,1.0,0.5,2.0,1.0,2.0,2.0,2.0,1.0,2.0,21.0,1.0,1.0,2.0,1.0,1.0,2.0,1.0,1.0,1.0,1.0,1.0,1.0,1.0,2.0,1.0,1.0,0.5,1.0,20.5
250,Uber,6.0,Kyogre,Drizzle,Water,100,100,90,150,140,90,670,1.0,0.5,0.5,2.0,2.0,0.5,1.0,1.0,1.0,1.0,1.0,1.0,1.0,1.0,1.0,1.0,0.5,1.0,18.0,1.0,1.0,0.5,1.0,1.0,1.0,2.0,1.0,1.0,0.5,2.0,1.0,1.0,1.0,1.0,2.0,1.0,0.5,19.5
251,Uber,6.0,Groudon,Drought,Ground,100,150,140,100,90,90,670,1.0,1.0,2.0,0.0,2.0,2.0,1.0,0.5,1.0,1.0,1.0,1.0,0.5,1.0,1.0,1.0,1.0,1.0,19.0,0.5,1.0,1.0,2.0,1.0,1.0,2.0,0.0,1.0,0.5,1.0,1.0,1.0,2.0,1.0,2.0,2.0,1.0,21.0
252,Uber,6.0,Rayquaza,Air Lock,Dragon~Flying,105,150,90,150,90,95,680,1.0,0.5,0.5,1.0,0.25,4.0,0.5,1.0,0.0,1.0,1.0,0.5,2.0,1.0,2.0,1.0,1.0,2.0,20.25,2.0,1.0,2.0,1.0,1.0,2.0,1.0,1.0,1.0,2.0,1.0,1.0,1.0,1.0,1.0,1.0,0.5,1.0,21.5
253,UU,4.0,Jirachi,Serene Grace,Steel~Psychic,100,100,100,100,100,100,600,0.5,2.0,1.0,1.0,0.5,0.5,1.0,0.0,2.0,0.5,0.25,1.0,0.5,2.0,0.5,2.0,0.5,0.5,16.25,1.0,1.0,1.0,1.0,2.0,2.0,1.0,1.0,1.0,1.0,1.0,2.0,1.0,2.0,1.0,2.0,0.5,1.0,22.5
256,(PU),0.0,Luxray,Rivalry~Intimidate~Guts,Electric,80,120,79,95,79,70,523,1.0,1.0,1.0,0.5,1.0,1.0,1.0,1.0,2.0,0.5,1.0,1.0,1.0,1.0,1.0,1.0,0.5,1.0,17.5,1.0,1.0,0.5,0.5,1.0,1.0,1.0,2.0,1.0,0.5,0.0,1.0,1.0,1.0,1.0,1.0,1.0,2.0,17.5
258,RU,3.0,Roserade,Natural Cure~Poison Point~Technician,Grass~Poison,60,70,65,125,105,90,515,1.0,2.0,0.5,0.5,0.25,2.0,0.5,1.0,1.0,2.0,2.0,1.0,1.0,1.0,1.0,1.0,1.0,0.5,19.25,1.0,1.0,1.0,1.0,2.0,1.0,1.0,1.0,1.0,2.0,2.0,1.0,1.0,0.5,1.0,2.0,0.5,2.0,22.0
260,(PU),0.0,Vespiquen,Pressure~Unnerve,Bug~Flying,70,80,102,80,102,40,474,1.0,2.0,1.0,2.0,0.25,2.0,0.25,1.0,0.0,2.0,1.0,0.5,4.0,1.0,1.0,1.0,1.0,1.0,22.0,2.0,2.0,1.0,1.0,1.0,2.0,1.0,1.0,1.0,2.0,1.0,1.0,1.0,1.0,2.0,1.0,0.5,1.0,22.5
262,(PU),0.0,Cherrim,Flower Gift,Grass,70,60,70,87,78,85,450,1.0,2.0,0.5,0.5,0.5,2.0,1.0,2.0,0.5,2.0,1.0,2.0,1.0,1.0,1.0,1.0,1.0,1.0,21.0,0.5,1.0,0.5,1.0,1.0,1.0,0.5,0.5,1.0,0.5,2.0,1.0,1.0,0.5,1.0,2.0,0.5,2.0,17.5
264,RU,3.0,Gastrodon,Sticky Hold~Storm Drain~Sand Force,Water~Ground,111,83,68,92,82,39,475,1.0,0.5,1.0,0.0,4.0,1.0,1.0,0.5,1.0,1.0,1.0,1.0,0.5,1.0,1.0,1.0,0.5,1.0,18.0,1.0,1.0,1.0,2.0,1.0,1.0,2.0,1.0,1.0,0.5,2.0,1.0,1.0,2.0,1.0,2.0,2.0,1.0,23.5
266,(PU),0.0,Drifblim,Aftermath~Unburden~Flare Boost,Ghost~Flying,150,80,44,90,54,80,498,0.0,1.0,1.0,2.0,0.5,2.0,0.0,0.5,0.0,1.0,1.0,0.25,2.0,2.0,1.0,2.0,1.0,1.0,18.25,2.0,1.0,1.0,1.0,1.0,2.0,1.0,1.0,2.0,2.0,1.0,1.0,1.0,1.0,2.0,1.0,1.0,1.0,23.0
268,(PU),0.0,Lopunny,Cute Charm~Klutz~Limber,Normal,65,76,84,54,96,105,480,1.0,1.0,1.0,1.0,1.0,1.0,2.0,1.0,1.0,1.0,1.0,1.0,1.0,0.0,1.0,1.0,1.0,1.0,18.0,1.0,1.0,1.0,1.0,1.0,1.0,1.0,1.0,0.0,1.0,1.0,1.0,1.0,1.0,1.0,0.5,0.5,1.0,16.0
270,(PU),0.0,Skuntank,Stench~Aftermath~Keen Eye,Poison~Dark,103,93,67,71,61,84,479,1.0,1.0,1.0,1.0,0.5,1.0,1.0,0.5,2.0,1.0,0.0,1.0,1.0,0.5,1.0,0.5,1.0,1.0,16.0,1.0,1.0,1.0,1.0,2.0,1.0,1.0,1.0,2.0,2.0,2.0,1.0,2.0,1.0,2.0,1.0,1.0,1.0,24.0
272,NU,2.0,Bronzong,Levitate~Heatproof~Heavy Metal,Steel~Psychic,67,89,116,79,116,33,500,0.5,2.0,1.0,1.0,0.5,0.5,1.0,0.0,2.0,0.5,0.25,1.0,0.5,2.0,0.5,2.0,0.5,0.5,16.25,1.0,1.0,1.0,1.0,2.0,2.0,1.0,1.0,1.0,1.0,1.0,2.0,1.0,2.0,1.0,2.0,0.5,1.0,22.5
275,(PU),0.0,Spiritomb,Pressure~Infiltrator,Ghost~Dark,50,92,108,92,108,35,485,0.0,1.0,1.0,1.0,1.0,1.0,0.0,0.5,1.0,1.0,0.0,1.0,1.0,1.0,1.0,1.0,1.0,2.0,15.5,1.0,0.5,1.0,1.0,1.0,1.0,1.0,1.0,2.0,1.0,2.0,1.0,2.0,1.0,2.0,1.0,1.0,1.0,21.5
278,OU,5.0,Garchomp,Sand Veil~Rough Skin,Dragon~Ground,108,130,95,80,85,102,600,1.0,0.5,1.0,0.0,1.0,4.0,1.0,0.5,1.0,1.0,1.0,1.0,0.5,1.0,2.0,1.0,1.0,2.0,20.5,1.0,1.0,2.0,2.0,1.0,1.0,2.0,1.0,1.0,1.0,1.0,1.0,1.0,2.0,1.0,2.0,2.0,1.0,24.0
281,RU,3.0,Lucario,Steadfast~Inner Focus~Justified,Fighting~Steel,70,110,70,115,70,90,525,0.5,2.0,1.0,1.0,0.5,0.5,2.0,0.0,2.0,1.0,1.0,0.25,0.25,1.0,0.5,0.5,0.5,1.0,15.5,1.0,2.0,1.0,1.0,2.0,1.0,1.0,1.0,1.0,1.0,1.0,2.0,2.0,1.0,1.0,2.0,2.0,1.0,24.0
283,OU,5.0,Hippowdon,Sand Stream~Sand Force,Ground,108,112,118,68,72,47,525,1.0,1.0,2.0,0.0,2.0,2.0,1.0,0.5,1.0,1.0,1.0,1.0,0.5,1.0,1.0,1.0,1.0,1.0,19.0,0.5,1.0,1.0,2.0,1.0,1.0,2.0,0.0,1.0,0.5,1.0,1.0,1.0,2.0,1.0,2.0,2.0,1.0,21.0
285,NU,2.0,Drapion,Battle Armor~Sniper~Keen Eye,Poison~Dark,70,90,110,60,75,95,500,1.0,1.0,1.0,1.0,0.5,1.0,1.0,0.5,2.0,1.0,0.0,1.0,1.0,0.5,1.0,0.5,1.0,1.0,16.0,1.0,1.0,1.0,1.0,2.0,1.0,1.0,1.0,2.0,2.0,2.0,1.0,2.0,1.0,2.0,1.0,1.0,1.0,24.0
287,NU,2.0,Toxicroak,Anticipation~Dry Skin~Poison Touch,Poison~Fighting,83,106,65,86,65,85,490,1.0,1.0,1.0,1.0,0.5,1.0,0.5,0.5,2.0,2.0,4.0,0.25,0.5,1.0,1.0,0.5,1.0,1.0,19.75,1.0,2.0,1.0,1.0,2.0,1.0,1.0,1.0,0.5,2.0,1.0,2.0,2.0,0.5,1.0,2.0,2.0,1.0,24.0
290,(PU),0.0,Abomasnow,Snow Warning~Soundproof,Grass~Ice,90,92,75,92,85,60,494,1.0,4.0,0.5,0.5,0.5,1.0,2.0,2.0,0.5,2.0,1.0,2.0,2.0,1.0,1.0,1.0,2.0,1.0,25.0,1.0,1.0,2.0,1.0,1.0,1.0,0.5,2.0,1.0,2.0,2.0,1.0,1.0,1.0,1.0,2.0,0.5,2.0,23.0
291,OU,5.0,Weavile,Pressure~Pickpocket,Dark~Ice,70,120,65,45,85,125,510,1.0,2.0,1.0,1.0,1.0,0.5,4.0,1.0,1.0,1.0,0.0,2.0,2.0,0.5,1.0,0.5,2.0,2.0,23.5,1.0,1.0,2.0,1.0,1.0,1.0,1.0,2.0,2.0,2.0,2.0,1.0,2.0,1.0,2.0,1.0,1.0,1.0,25.0
292,OU,5.0,Magnezone,Magnet Pull~Sturdy~Analytic,Electric~Steel,70,70,115,130,90,60,535,0.5,2.0,1.0,0.5,0.5,0.5,2.0,0.0,4.0,0.25,0.5,0.5,0.5,1.0,0.5,1.0,0.25,0.5,16.0,1.0,1.0,1.0,0.5,2.0,1.0,1.0,2.0,1.0,1.0,1.0,2.0,1.0,1.0,1.0,2.0,1.0,2.0,22.5
293,(PU),0.0,Lickilicky,Own Tempo~Oblivious~Cloud Nine,Normal,110,85,95,80,95,50,515,1.0,1.0,1.0,1.0,1.0,1.0,2.0,1.0,1.0,1.0,1.0,1.0,1.0,0.0,1.0,1.0,1.0,1.0,18.0,1.0,1.0,1.0,1.0,1.0,1.0,1.0,1.0,0.0,1.0,1.0,1.0,1.0,1.0,1.0,0.5,0.5,1.0,16.0
294,UU,4.0,Rhyperior,Lightning Rod~Solid Rock~Reckless,Ground~Rock,115,140,130,55,55,40,535,0.5,0.5,4.0,0.0,4.0,2.0,2.0,0.25,2.0,0.5,1.0,1.0,0.5,1.0,1.0,1.0,2.0,1.0,24.25,2.0,1.0,1.0,2.0,1.0,1.0,2.0,2.0,1.0,1.0,1.0,2.0,1.0,2.0,1.0,2.0,2.0,1.0,26.0
295,UU,4.0,Tangrowth,Chlorophyll~Leaf Guard~Regenerator,Grass,100,100,125,110,50,50,535,1.0,2.0,0.5,0.5,0.5,2.0,1.0,2.0,0.5,2.0,1.0,2.0,1.0,1.0,1.0,1.0,1.0,1.0,21.0,0.5,1.0,0.5,1.0,1.0,1.0,0.5,0.5,1.0,0.5,2.0,1.0,1.0,0.5,1.0,2.0,0.5,2.0,17.5
296,(PU),0.0,Electivire,Motor Drive~Vital Spirit,Electric,75,123,67,95,85,95,540,1.0,1.0,1.0,0.5,1.0,1.0,1.0,1.0,2.0,0.5,1.0,1.0,1.0,1.0,1.0,1.0,0.5,1.0,17.5,1.0,1.0,0.5,0.5,1.0,1.0,1.0,2.0,1.0,0.5,0.0,1.0,1.0,1.0,1.0,1.0,1.0,2.0,17.5
297,(PU),0.0,Magmortar,Flame Body~Vital Spirit,Fire,75,95,67,125,95,83,540,1.0,0.5,2.0,1.0,0.5,0.5,1.0,1.0,2.0,1.0,1.0,0.5,2.0,1.0,1.0,1.0,0.5,0.5,18.0,2.0,1.0,0.5,1.0,1.0,1.0,0.5,1.0,1.0,2.0,1.0,2.0,1.0,1.0,1.0,0.5,2.0,0.5,20.0
298,RU,3.0,Togekiss,Hustle~Serene Grace~Super Luck,Fairy~Flying,85,50,95,120,115,80,545,1.0,1.0,1.0,2.0,0.5,2.0,0.25,2.0,0.0,1.0,1.0,0.25,2.0,1.0,0.0,0.5,2.0,1.0,18.5,2.0,1.0,2.0,1.0,1.0,2.0,1.0,1.0,1.0,2.0,1.0,1.0,1.0,1.0,1.0,1.0,0.5,1.0,21.5
299,(PU),0.0,Leafeon,Leaf Guard~Chlorophyll,Grass,65,110,130,60,65,95,525,1.0,2.0,0.5,0.5,0.5,2.0,1.0,2.0,0.5,2.0,1.0,2.0,1.0,1.0,1.0,1.0,1.0,1.0,21.0,0.5,1.0,0.5,1.0,1.0,1.0,0.5,0.5,1.0,0.5,2.0,1.0,1.0,0.5,1.0,2.0,0.5,2.0,17.5
300,(PU),0.0,Glaceon,Snow Cloak~Ice Body,Ice,65,60,110,130,95,65,525,1.0,2.0,1.0,1.0,1.0,0.5,2.0,1.0,1.0,1.0,1.0,1.0,2.0,1.0,1.0,1.0,2.0,1.0,21.5,1.0,1.0,2.0,1.0,1.0,1.0,0.5,2.0,1.0,2.0,2.0,0.5,1.0,1.0,1.0,1.0,0.5,0.5,20.0
301,UU,4.0,Mamoswine,Oblivious~Snow Cloak~Thick Fat,Ice~Ground,110,130,80,70,60,80,530,1.0,2.0,2.0,0.0,2.0,1.0,2.0,0.5,1.0,1.0,1.0,1.0,1.0,1.0,1.0,1.0,2.0,1.0,21.5,1.0,1.0,2.0,2.0,1.0,1.0,2.0,2.0,1.0,2.0,2.0,1.0,1.0,2.0,1.0,2.0,2.0,1.0,27.0
302,(PU),0.0,Gallade,Steadfast~Justified,Psychic~Fighting,68,125,65,65,115,80,518,1.0,1.0,1.0,1.0,1.0,1.0,0.5,1.0,1.0,2.0,1.0,1.0,0.5,2.0,1.0,1.0,1.0,2.0,20.0,1.0,2.0,1.0,1.0,1.0,2.0,1.0,1.0,1.0,1.0,1.0,2.0,2.0,2.0,0.5,2.0,2.0,1.0,24.5
303,(PU),0.0,Dusknoir,Pressure~Frisk,Ghost,45,100,135,65,135,45,525,0.0,1.0,1.0,1.0,1.0,1.0,0.0,0.5,1.0,1.0,1.0,0.5,1.0,2.0,1.0,2.0,1.0,1.0,17.0,1.0,0.5,1.0,1.0,1.0,1.0,1.0,1.0,2.0,1.0,1.0,1.0,0.0,1.0,2.0,1.0,1.0,1.0,18.5
304,PU,1.0,Froslass,Snow Cloak~Cursed Body,Ice~Ghost,70,80,70,80,70,110,480,0.0,2.0,1.0,1.0,1.0,0.5,0.0,0.5,1.0,1.0,1.0,0.5,2.0,2.0,1.0,2.0,2.0,1.0,19.5,1.0,1.0,2.0,1.0,1.0,1.0,1.0,2.0,2.0,2.0,2.0,1.0,1.0,1.0,2.0,1.0,1.0,1.0,24.0
305,(PU),0.0,Rotom,Levitate,Electric~Ghost,50,50,77,95,77,91,440,0.0,1.0,1.0,0.5,1.0,1.0,0.0,0.5,2.0,0.5,1.0,0.5,1.0,2.0,1.0,2.0,0.5,1.0,16.5,1.0,1.0,1.0,1.0,1.0,1.0,1.0,2.0,2.0,1.0,1.0,1.0,1.0,1.0,2.0,1.0,1.0,2.0,22.0
306,(PU),0.0,Uxie,Levitate,Psychic,75,75,130,75,130,95,580,1.0,1.0,1.0,1.0,1.0,1.0,0.5,1.0,1.0,1.0,0.5,2.0,1.0,2.0,1.0,2.0,1.0,1.0,20.0,1.0,0.0,1.0,1.0,1.0,2.0,1.0,1.0,1.0,1.0,1.0,1.0,1.0,2.0,0.5,1.0,0.5,1.0,18.0
307,PU,1.0,Mesprit,Levitate,Psychic,80,105,105,105,105,80,580,1.0,1.0,1.0,1.0,1.0,1.0,0.5,1.0,1.0,1.0,0.5,2.0,1.0,2.0,1.0,2.0,1.0,1.0,20.0,1.0,0.0,1.0,1.0,1.0,2.0,1.0,1.0,1.0,1.0,1.0,1.0,1.0,2.0,0.5,1.0,0.5,1.0,18.0
308,UU,4.0,Azelf,Levitate,Psychic,75,125,70,125,70,115,580,1.0,1.0,1.0,1.0,1.0,1.0,0.5,1.0,1.0,1.0,0.5,2.0,1.0,2.0,1.0,2.0,1.0,1.0,20.0,1.0,0.0,1.0,1.0,1.0,2.0,1.0,1.0,1.0,1.0,1.0,1.0,1.0,2.0,0.5,1.0,0.5,1.0,18.0
309,Uber,6.0,Dialga,Pressure~Telepathy,Steel~Dragon,100,120,120,150,100,90,680,0.5,1.0,0.5,0.5,0.25,1.0,2.0,0.0,2.0,0.5,0.5,0.5,0.5,1.0,1.0,1.0,0.5,1.0,14.25,1.0,1.0,2.0,1.0,2.0,1.0,1.0,1.0,1.0,1.0,1.0,2.0,1.0,1.0,1.0,2.0,0.5,1.0,21.5
310,Uber,6.0,Palkia,Pressure~Telepathy,Water~Dragon,90,120,100,150,120,100,680,1.0,0.25,0.25,1.0,1.0,1.0,1.0,1.0,1.0,1.0,1.0,1.0,1.0,1.0,2.0,1.0,0.5,2.0,18.0,1.0,1.0,2.0,1.0,1.0,1.0,2.0,1.0,1.0,1.0,2.0,1.0,1.0,1.0,1.0,2.0,1.0,1.0,22.0
311,OU,5.0,Heatran,Flash Fire~Flame Body,Fire~Steel,91,90,106,130,106,77,600,0.5,1.0,2.0,1.0,0.25,0.25,2.0,0.0,4.0,0.5,0.5,0.25,1.0,1.0,0.5,1.0,0.25,0.25,16.25,2.0,1.0,1.0,1.0,2.0,1.0,0.5,1.0,1.0,2.0,1.0,2.0,1.0,1.0,1.0,2.0,2.0,0.5,23.0
312,(PU),0.0,Regigigas,Slow Start,Normal,110,160,110,80,110,100,670,1.0,1.0,1.0,1.0,1.0,1.0,2.0,1.0,1.0,1.0,1.0,1.0,1.0,0.0,1.0,1.0,1.0,1.0,18.0,1.0,1.0,1.0,1.0,1.0,1.0,1.0,1.0,0.0,1.0,1.0,1.0,1.0,1.0,1.0,0.5,0.5,1.0,16.0
313,NUBL,2.5,Cresselia,Levitate,Psychic,120,70,120,75,130,85,600,1.0,1.0,1.0,1.0,1.0,1.0,0.5,1.0,1.0,1.0,0.5,2.0,1.0,2.0,1.0,2.0,1.0,1.0,20.0,1.0,0.0,1.0,1.0,1.0,2.0,1.0,1.0,1.0,1.0,1.0,1.0,1.0,2.0,0.5,1.0,0.5,1.0,18.0
314,OU,5.0,Victini,Victory Star,Psychic~Fire,100,100,100,100,100,100,600,1.0,0.5,2.0,1.0,0.5,0.5,0.5,1.0,2.0,1.0,0.5,1.0,2.0,2.0,1.0,2.0,0.5,0.5,19.5,2.0,1.0,1.0,1.0,1.0,2.0,1.0,1.0,1.0,2.0,1.0,2.0,1.0,2.0,1.0,1.0,2.0,1.0,24.0
317,(PU),0.0,Stoutland,Intimidate~Sand Rush~Scrappy,Normal,85,110,90,45,90,80,500,1.0,1.0,1.0,1.0,1.0,1.0,2.0,1.0,1.0,1.0,1.0,1.0,1.0,0.0,1.0,1.0,1.0,1.0,18.0,1.0,1.0,1.0,1.0,1.0,1.0,1.0,1.0,0.0,1.0,1.0,1.0,1.0,1.0,1.0,0.5,0.5,1.0,16.0
319,(PU),0.0,Liepard,Limber~Unburden~Prankster,Dark,64,88,50,88,50,106,446,1.0,1.0,1.0,1.0,1.0,1.0,2.0,1.0,1.0,1.0,0.0,2.0,1.0,0.5,1.0,0.5,1.0,2.0,19.0,1.0,0.5,1.0,1.0,0.5,0.5,1.0,1.0,2.0,1.0,2.0,1.0,2.0,1.0,2.0,1.0,1.0,1.0,20.5
321,(PU),0.0,Musharna,Forewarn~Synchronize~Telepathy,Psychic,116,55,85,107,95,29,487,1.0,1.0,1.0,1.0,1.0,1.0,0.5,1.0,1.0,1.0,0.5,2.0,1.0,2.0,1.0,2.0,1.0,1.0,20.0,1.0,0.0,1.0,1.0,1.0,2.0,1.0,1.0,1.0,1.0,1.0,1.0,1.0,2.0,0.5,1.0,0.5,1.0,18.0
324,(PU),0.0,Unfezant,Big Pecks~Super Luck~Rivalry,Normal~Flying,80,115,80,65,55,93,488,1.0,1.0,1.0,2.0,0.5,2.0,1.0,1.0,0.0,1.0,1.0,0.5,2.0,0.0,1.0,1.0,1.0,1.0,18.0,2.0,1.0,1.0,1.0,1.0,2.0,1.0,1.0,1.0,2.0,1.0,1.0,1.0,1.0,1.0,0.5,0.5,1.0,20.0
327,PU,1.0,Gigalith,Sturdy~Sand Stream~Sand Force,Rock,85,135,130,60,80,25,515,0.5,0.5,2.0,1.0,2.0,1.0,2.0,0.5,2.0,0.5,1.0,1.0,1.0,1.0,1.0,1.0,2.0,1.0,21.0,2.0,1.0,1.0,1.0,1.0,0.5,2.0,2.0,1.0,1.0,0.5,2.0,1.0,1.0,1.0,1.0,0.5,1.0,20.5
329,(PU),0.0,Swoobat,Unaware~Klutz~Simple,Psychic~Flying,67,57,55,77,55,114,425,1.0,1.0,1.0,2.0,0.5,2.0,0.25,1.0,0.0,1.0,0.5,1.0,2.0,2.0,1.0,2.0,1.0,1.0,20.25,2.0,1.0,1.0,1.0,1.0,2.0,1.0,1.0,1.0,2.0,1.0,1.0,1.0,2.0,1.0,1.0,0.5,1.0,21.5
331,UU,4.0,Excadrill,Sand Rush~Sand Force~Mold Breaker,Ground~Steel,110,135,60,50,65,88,508,0.5,2.0,2.0,0.0,1.0,1.0,2.0,0.0,2.0,0.5,0.5,0.5,0.25,1.0,0.5,1.0,0.5,0.5,15.75,1.0,1.0,1.0,2.0,2.0,1.0,2.0,1.0,1.0,1.0,1.0,2.0,1.0,2.0,1.0,2.0,2.0,1.0,25.0
332,PU,1.0,Audino,Healer~Regenerator~Klutz,Normal,103,60,86,60,86,50,445,1.0,1.0,1.0,1.0,1.0,1.0,2.0,1.0,1.0,1.0,1.0,1.0,1.0,0.0,1.0,1.0,1.0,1.0,18.0,1.0,1.0,1.0,1.0,1.0,1.0,1.0,1.0,0.0,1.0,1.0,1.0,1.0,1.0,1.0,0.5,0.5,1.0,16.0
335,UU,4.0,Conkeldurr,Guts~Sheer Force~Iron Fist,Fighting,105,140,95,55,65,45,505,1.0,1.0,1.0,1.0,1.0,1.0,1.0,1.0,1.0,2.0,2.0,0.5,0.5,1.0,1.0,0.5,1.0,2.0,19.5,0.5,2.0,1.0,1.0,0.5,1.0,1.0,0.5,0.0,1.0,1.0,2.0,2.0,0.5,0.5,2.0,2.0,1.0,19.5
338,UU,4.0,Seismitoad,Swift Swim~Poison Touch~Water Absorb,Water~Ground,105,95,75,85,75,74,509,1.0,0.5,1.0,0.0,4.0,1.0,1.0,0.5,1.0,1.0,1.0,1.0,0.5,1.0,1.0,1.0,0.5,1.0,18.0,1.0,1.0,1.0,2.0,1.0,1.0,2.0,1.0,1.0,0.5,2.0,1.0,1.0,2.0,1.0,2.0,2.0,1.0,23.5
339,(PU),0.0,Throh,Guts~Inner Focus~Mold Breaker,Fighting,120,100,85,30,85,45,465,1.0,1.0,1.0,1.0,1.0,1.0,1.0,1.0,1.0,2.0,2.0,0.5,0.5,1.0,1.0,0.5,1.0,2.0,19.5,0.5,2.0,1.0,1.0,0.5,1.0,1.0,0.5,0.0,1.0,1.0,2.0,2.0,0.5,0.5,2.0,2.0,1.0,19.5
340,(PU),0.0,Sawk,Sturdy~Inner Focus~Mold Breaker,Fighting,75,125,75,30,75,85,465,1.0,1.0,1.0,1.0,1.0,1.0,1.0,1.0,1.0,2.0,2.0,0.5,0.5,1.0,1.0,0.5,1.0,2.0,19.5,0.5,2.0,1.0,1.0,0.5,1.0,1.0,0.5,0.0,1.0,1.0,2.0,2.0,0.5,0.5,2.0,2.0,1.0,19.5
343,RUBL,3.5,Scolipede,Poison Point~Swarm~Speed Boost,Bug~Poison,60,100,89,55,69,112,485,1.0,2.0,1.0,1.0,0.25,1.0,0.25,0.5,1.0,2.0,2.0,0.5,2.0,1.0,1.0,1.0,1.0,0.5,19.0,1.0,2.0,1.0,1.0,2.0,1.0,1.0,1.0,0.5,2.0,1.0,1.0,1.0,0.5,2.0,1.0,0.5,1.0,20.5
345,PU,1.0,Whimsicott,Prankster~Infiltrator~Chlorophyll,Grass~Fairy,60,67,85,77,75,116,480,1.0,2.0,0.5,0.5,0.5,2.0,0.5,4.0,0.5,2.0,1.0,1.0,1.0,1.0,0.0,0.5,2.0,1.0,21.0,1.0,1.0,2.0,1.0,1.0,2.0,0.5,1.0,1.0,1.0,2.0,1.0,1.0,0.5,1.0,2.0,0.5,2.0,21.5
347,(PU),0.0,Lilligant,Chlorophyll~Own Tempo~Leaf Guard,Grass,70,60,75,110,75,90,480,1.0,2.0,0.5,0.5,0.5,2.0,1.0,2.0,0.5,2.0,1.0,2.0,1.0,1.0,1.0,1.0,1.0,1.0,21.0,0.5,1.0,0.5,1.0,1.0,1.0,0.5,0.5,1.0,0.5,2.0,1.0,1.0,0.5,1.0,2.0,0.5,2.0,17.5
350,UU,4.0,Krookodile,Intimidate~Moxie~Anger Point,Ground~Dark,95,117,80,65,70,92,519,1.0,1.0,2.0,0.0,2.0,2.0,2.0,0.5,1.0,1.0,0.0,2.0,0.5,0.5,1.0,0.5,1.0,2.0,20.0,1.0,1.0,1.0,2.0,1.0,1.0,2.0,1.0,2.0,1.0,2.0,1.0,2.0,2.0,2.0,2.0,2.0,1.0,27.0
352,(PU),0.0,Maractus,Water Absorb~Chlorophyll~Storm Drain,Grass,75,86,67,106,67,60,461,1.0,2.0,0.5,0.5,0.5,2.0,1.0,2.0,0.5,2.0,1.0,2.0,1.0,1.0,1.0,1.0,1.0,1.0,21.0,0.5,1.0,0.5,1.0,1.0,1.0,0.5,0.5,1.0,0.5,2.0,1.0,1.0,0.5,1.0,2.0,0.5,2.0,17.5
354,(PU),0.0,Crustle,Sturdy~Shell Armor~Weak Armor,Bug~Rock,70,105,125,65,75,45,485,0.5,1.0,2.0,1.0,1.0,1.0,1.0,0.5,1.0,1.0,1.0,1.0,2.0,1.0,1.0,1.0,2.0,1.0,20.0,2.0,2.0,1.0,1.0,1.0,0.5,2.0,2.0,1.0,2.0,1.0,2.0,1.0,1.0,2.0,1.0,0.5,1.0,24.0
356,PU,1.0,Scrafty,Shed Skin~Moxie~Intimidate,Dark~Fighting,65,90,115,45,115,58,488,1.0,1.0,1.0,1.0,1.0,1.0,2.0,1.0,1.0,2.0,0.0,1.0,0.5,0.5,1.0,0.25,1.0,4.0,20.25,1.0,2.0,1.0,1.0,0.5,1.0,1.0,1.0,2.0,1.0,2.0,2.0,2.0,1.0,2.0,2.0,2.0,1.0,25.5
357,NUBL,2.5,Sigilyph,Wonder Skin~Magic Guard~Tinted Lens,Psychic~Flying,72,58,80,103,80,97,490,1.0,1.0,1.0,2.0,0.5,2.0,0.25,1.0,0.0,1.0,0.5,1.0,2.0,2.0,1.0,2.0,1.0,1.0,20.25,2.0,1.0,1.0,1.0,1.0,2.0,1.0,1.0,1.0,2.0,1.0,1.0,1.0,2.0,1.0,1.0,0.5,1.0,21.5
359,(PU),0.0,Cofagrigus,Mummy,Ghost,58,50,145,95,105,30,483,0.0,1.0,1.0,1.0,1.0,1.0,0.0,0.5,1.0,1.0,1.0,0.5,1.0,2.0,1.0,2.0,1.0,1.0,17.0,1.0,0.5,1.0,1.0,1.0,1.0,1.0,1.0,2.0,1.0,1.0,1.0,0.0,1.0,2.0,1.0,1.0,1.0,18.5
361,(PU),0.0,Carracosta,Solid Rock~Sturdy~Swift Swim,Water~Rock,74,108,133,83,65,32,495,0.5,0.25,1.0,2.0,4.0,0.5,2.0,0.5,2.0,0.5,1.0,1.0,1.0,1.0,1.0,1.0,1.0,1.0,21.25,2.0,1.0,1.0,1.0,1.0,1.0,2.0,2.0,1.0,1.0,2.0,2.0,1.0,1.0,1.0,2.0,1.0,1.0,24.0
363,PU,1.0,Archeops,Defeatist,Rock~Flying,75,140,65,112,65,110,567,0.5,0.5,2.0,2.0,1.0,2.0,1.0,0.5,0.0,0.5,1.0,0.5,2.0,1.0,1.0,1.0,2.0,1.0,19.5,2.0,1.0,1.0,1.0,1.0,2.0,2.0,2.0,1.0,2.0,1.0,2.0,1.0,1.0,1.0,1.0,0.5,1.0,23.5
365,NU,2.0,Garbodor,Stench~Weak Armor~Aftermath,Poison,80,95,82,60,82,75,474,1.0,1.0,1.0,1.0,0.5,1.0,0.5,0.5,2.0,1.0,2.0,0.5,1.0,1.0,1.0,1.0,1.0,0.5,17.5,1.0,1.0,1.0,1.0,2.0,1.0,1.0,1.0,0.5,2.0,0.5,1.0,1.0,0.5,1.0,0.5,0.0,1.0,17.0
367,NU,2.0,Zoroark,Illusion,Dark,60,105,60,120,60,105,510,1.0,1.0,1.0,1.0,1.0,1.0,2.0,1.0,1.0,1.0,0.0,2.0,1.0,0.5,1.0,0.5,1.0,2.0,19.0,1.0,0.5,1.0,1.0,0.5,0.5,1.0,1.0,2.0,1.0,2.0,1.0,2.0,1.0,2.0,1.0,1.0,1.0,20.5
369,(PU),0.0,Cinccino,Cute Charm~Technician~Skill Link,Normal,75,95,60,65,60,115,470,1.0,1.0,1.0,1.0,1.0,1.0,2.0,1.0,1.0,1.0,1.0,1.0,1.0,0.0,1.0,1.0,1.0,1.0,18.0,1.0,1.0,1.0,1.0,1.0,1.0,1.0,1.0,0.0,1.0,1.0,1.0,1.0,1.0,1.0,0.5,0.5,1.0,16.0
372,(PU),0.0,Gothitelle,Frisk~Competitive~Shadow Tag,Psychic,70,55,95,95,110,65,490,1.0,1.0,1.0,1.0,1.0,1.0,0.5,1.0,1.0,1.0,0.5,2.0,1.0,2.0,1.0,2.0,1.0,1.0,20.0,1.0,0.0,1.0,1.0,1.0,2.0,1.0,1.0,1.0,1.0,1.0,1.0,1.0,2.0,0.5,1.0,0.5,1.0,18.0
375,RU,3.0,Reuniclus,Overcoat~Magic Guard~Regenerator,Psychic,110,65,75,125,85,30,490,1.0,1.0,1.0,1.0,1.0,1.0,0.5,1.0,1.0,1.0,0.5,2.0,1.0,2.0,1.0,2.0,1.0,1.0,20.0,1.0,0.0,1.0,1.0,1.0,2.0,1.0,1.0,1.0,1.0,1.0,1.0,1.0,2.0,0.5,1.0,0.5,1.0,18.0
378,(PU),0.0,Vanilluxe,Ice Body~Snow Warning~Weak Armor,Ice,71,95,85,110,95,79,535,1.0,2.0,1.0,1.0,1.0,0.5,2.0,1.0,1.0,1.0,1.0,1.0,2.0,1.0,1.0,1.0,2.0,1.0,21.5,1.0,1.0,2.0,1.0,1.0,1.0,0.5,2.0,1.0,2.0,2.0,0.5,1.0,1.0,1.0,1.0,0.5,0.5,20.0
379,(PU),0.0,Emolga,Static~Motor Drive,Electric~Flying,55,75,60,75,60,103,428,1.0,1.0,1.0,1.0,0.5,2.0,0.5,1.0,0.0,0.5,1.0,0.5,2.0,1.0,1.0,1.0,0.5,1.0,16.5,2.0,1.0,1.0,0.5,1.0,2.0,1.0,2.0,1.0,2.0,1.0,1.0,1.0,1.0,1.0,1.0,1.0,2.0,22.5
381,NU,2.0,Escavalier,Swarm~Shell Armor~Overcoat,Bug~Steel,70,135,105,60,105,20,495,0.5,4.0,1.0,1.0,0.25,0.5,1.0,0.0,1.0,1.0,0.5,0.5,1.0,1.0,0.5,1.0,0.5,0.5,15.75,1.0,2.0,1.0,1.0,2.0,1.0,0.5,1.0,1.0,2.0,1.0,2.0,1.0,1.0,2.0,2.0,0.5,1.0,23.0
383,UU,4.0,Amoonguss,Effect Spore~Regenerator,Grass~Poison,114,85,70,85,80,30,464,1.0,2.0,0.5,0.5,0.25,2.0,0.5,1.0,1.0,2.0,2.0,1.0,1.0,1.0,1.0,1.0,1.0,0.5,19.25,1.0,1.0,1.0,1.0,2.0,1.0,1.0,1.0,1.0,2.0,2.0,1.0,1.0,0.5,1.0,2.0,0.5,2.0,22.0
385,PU,1.0,Jellicent,Water Absorb~Cursed Body~Damp,Water~Ghost,100,60,70,85,105,60,480,0.0,0.5,0.5,2.0,2.0,0.5,0.0,0.5,1.0,1.0,1.0,0.5,1.0,2.0,1.0,2.0,0.5,1.0,17.0,1.0,1.0,1.0,1.0,1.0,1.0,2.0,1.0,2.0,1.0,2.0,1.0,1.0,1.0,2.0,2.0,1.0,1.0,23.0
387,PU,1.0,Galvantula,Compound Eyes~Unnerve~Swarm,Bug~Electric,70,77,60,97,60,108,472,1.0,2.0,1.0,0.5,0.5,1.0,0.5,1.0,1.0,1.0,1.0,1.0,2.0,1.0,1.0,1.0,0.5,1.0,18.0,1.0,2.0,1.0,1.0,1.0,1.0,1.0,2.0,1.0,2.0,1.0,1.0,1.0,1.0,2.0,1.0,1.0,2.0,23.0
388,PU,1.0,Ferroseed,Iron Barbs,Grass~Steel,44,50,91,24,86,10,305,0.5,4.0,0.5,0.5,0.25,1.0,2.0,0.0,1.0,1.0,0.5,1.0,0.5,1.0,0.5,1.0,0.5,0.5,16.25,1.0,1.0,1.0,1.0,2.0,1.0,0.5,1.0,1.0,1.0,2.0,2.0,1.0,1.0,1.0,2.0,0.5,2.0,22.0
390,OU,5.0,Ferrothorn,Iron Barbs~Anticipation,Grass~Steel,74,94,131,54,116,20,489,0.5,4.0,0.5,0.5,0.25,1.0,2.0,0.0,1.0,1.0,0.5,1.0,0.5,1.0,0.5,1.0,0.5,0.5,16.25,1.0,1.0,1.0,1.0,2.0,1.0,0.5,1.0,1.0,1.0,2.0,2.0,1.0,1.0,1.0,2.0,0.5,2.0,22.0
393,(PU),0.0,Klinklang,Plus~Minus~Clear Body,Steel,60,100,115,70,85,90,520,0.5,2.0,1.0,1.0,0.5,0.5,2.0,0.0,2.0,0.5,0.5,0.5,0.5,1.0,0.5,1.0,0.5,0.5,15.0,1.0,1.0,1.0,0.5,2.0,1.0,0.5,1.0,1.0,1.0,1.0,2.0,1.0,1.0,1.0,2.0,0.5,0.5,19.0
395,(PU),0.0,Beheeyem,Telepathy~Synchronize~Analytic,Psychic,75,75,75,125,95,40,485,1.0,1.0,1.0,1.0,1.0,1.0,0.5,1.0,1.0,1.0,0.5,2.0,1.0,2.0,1.0,2.0,1.0,1.0,20.0,1.0,0.0,1.0,1.0,1.0,2.0,1.0,1.0,1.0,1.0,1.0,1.0,1.0,2.0,0.5,1.0,0.5,1.0,18.0
398,RU,3.0,Chandelure,Flash Fire~Flame Body~Infiltrator,Ghost~Fire,60,55,90,145,90,80,520,0.0,0.5,2.0,1.0,0.5,0.5,0.0,0.5,2.0,1.0,1.0,0.25,2.0,2.0,1.0,2.0,0.5,0.5,17.25,2.0,1.0,1.0,1.0,1.0,1.0,1.0,1.0,2.0,2.0,1.0,2.0,1.0,1.0,2.0,1.0,2.0,1.0,24.0
401,RUBL,3.5,Haxorus,Rivalry~Mold Breaker~Unnerve,Dragon,76,147,90,60,70,97,540,1.0,0.5,0.5,0.5,0.5,2.0,1.0,1.0,1.0,1.0,1.0,1.0,1.0,1.0,2.0,1.0,1.0,2.0,19.0,1.0,1.0,2.0,1.0,0.0,1.0,1.0,1.0,1.0,1.0,1.0,1.0,1.0,1.0,1.0,1.0,0.5,1.0,17.5
403,(PU),0.0,Beartic,Snow Cloak~Slush Rush~Swift Swim,Ice,95,130,80,70,80,50,505,1.0,2.0,1.0,1.0,1.0,0.5,2.0,1.0,1.0,1.0,1.0,1.0,2.0,1.0,1.0,1.0,2.0,1.0,21.5,1.0,1.0,2.0,1.0,1.0,1.0,0.5,2.0,1.0,2.0,2.0,0.5,1.0,1.0,1.0,1.0,0.5,0.5,20.0
404,(PU),0.0,Cryogonal,Levitate,Ice,80,50,50,95,135,105,515,1.0,2.0,1.0,1.0,1.0,0.5,2.0,1.0,1.0,1.0,1.0,1.0,2.0,1.0,1.0,1.0,2.0,1.0,21.5,1.0,1.0,2.0,1.0,1.0,1.0,0.5,2.0,1.0,2.0,2.0,0.5,1.0,1.0,1.0,1.0,0.5,0.5,20.0
406,(PU),0.0,Accelgor,Hydration~Sticky Hold~Unburden,Bug,80,70,40,100,60,145,495,1.0,2.0,1.0,1.0,0.5,1.0,0.5,1.0,0.5,2.0,1.0,1.0,2.0,1.0,1.0,1.0,1.0,1.0,19.5,1.0,2.0,1.0,1.0,0.5,0.5,0.5,0.5,0.5,2.0,1.0,1.0,1.0,0.5,2.0,1.0,0.5,1.0,17.5
407,(PU),0.0,Stunfisk,Static~Limber~Sand Veil,Ground~Electric,109,66,84,81,99,32,471,1.0,1.0,2.0,0.0,2.0,2.0,1.0,0.5,2.0,0.5,1.0,1.0,0.5,1.0,1.0,1.0,0.5,1.0,19.0,1.0,1.0,1.0,2.0,1.0,1.0,2.0,2.0,1.0,0.5,1.0,1.0,1.0,2.0,1.0,2.0,2.0,2.0,24.5
409,RUBL,3.5,Mienshao,Inner Focus~Regenerator~Reckless,Fighting,65,125,60,95,60,105,510,1.0,1.0,1.0,1.0,1.0,1.0,1.0,1.0,1.0,2.0,2.0,0.5,0.5,1.0,1.0,0.5,1.0,2.0,19.5,0.5,2.0,1.0,1.0,0.5,1.0,1.0,0.5,0.0,1.0,1.0,2.0,2.0,0.5,0.5,2.0,2.0,1.0,19.5
410,PU,1.0,Druddigon,Rough Skin~Sheer Force~Mold Breaker,Dragon,77,120,90,60,90,48,485,1.0,0.5,0.5,0.5,0.5,2.0,1.0,1.0,1.0,1.0,1.0,1.0,1.0,1.0,2.0,1.0,1.0,2.0,19.0,1.0,1.0,2.0,1.0,0.0,1.0,1.0,1.0,1.0,1.0,1.0,1.0,1.0,1.0,1.0,1.0,0.5,1.0,17.5
412,NU,2.0,Golurk,Iron Fist~Klutz~No Guard,Ground~Ghost,89,124,80,55,80,55,483,0.0,1.0,2.0,0.0,2.0,2.0,0.0,0.25,1.0,1.0,1.0,0.5,0.5,2.0,1.0,2.0,1.0,1.0,18.25,1.0,1.0,1.0,2.0,1.0,1.0,2.0,1.0,2.0,1.0,1.0,1.0,1.0,2.0,2.0,2.0,2.0,1.0,25.0
414,OU,5.0,Bisharp,Defiant~Inner Focus~Pressure,Dark~Steel,65,125,100,60,70,70,490,0.5,2.0,1.0,1.0,0.5,0.5,4.0,0.0,2.0,0.5,0.0,1.0,0.5,0.5,0.5,0.5,0.5,1.0,16.5,1.0,1.0,1.0,1.0,2.0,1.0,1.0,1.0,2.0,1.0,2.0,2.0,2.0,1.0,2.0,2.0,1.0,1.0,25.0
415,(PU),0.0,Bouffalant,Reckless~Sap Sipper~Soundproof,Normal,95,110,95,40,95,55,490,1.0,1.0,1.0,1.0,1.0,1.0,2.0,1.0,1.0,1.0,1.0,1.0,1.0,0.0,1.0,1.0,1.0,1.0,18.0,1.0,1.0,1.0,1.0,1.0,1.0,1.0,1.0,0.0,1.0,1.0,1.0,1.0,1.0,1.0,0.5,0.5,1.0,16.0
417,NU,2.0,Braviary,Keen Eye~Sheer Force~Defiant,Normal~Flying,100,123,75,57,75,80,510,1.0,1.0,1.0,2.0,0.5,2.0,1.0,1.0,0.0,1.0,1.0,0.5,2.0,0.0,1.0,1.0,1.0,1.0,18.0,2.0,1.0,1.0,1.0,1.0,2.0,1.0,1.0,1.0,2.0,1.0,1.0,1.0,1.0,1.0,0.5,0.5,1.0,20.0
419,UU,4.0,Mandibuzz,Big Pecks~Overcoat~Weak Armor,Dark~Flying,110,65,105,55,95,80,510,1.0,1.0,1.0,2.0,0.5,2.0,1.0,1.0,0.0,1.0,0.0,1.0,2.0,0.5,1.0,0.5,1.0,2.0,18.5,2.0,1.0,1.0,1.0,1.0,2.0,1.0,1.0,2.0,2.0,2.0,1.0,2.0,1.0,2.0,1.0,1.0,1.0,25.0
420,(PU),0.0,Heatmor,Gluttony~Flash Fire~White Smoke,Fire,85,97,66,105,66,65,484,1.0,0.5,2.0,1.0,0.5,0.5,1.0,1.0,2.0,1.0,1.0,0.5,2.0,1.0,1.0,1.0,0.5,0.5,18.0,2.0,1.0,0.5,1.0,1.0,1.0,0.5,1.0,1.0,2.0,1.0,2.0,1.0,1.0,1.0,0.5,2.0,0.5,20.0
421,RUBL,3.5,Durant,Swarm~Hustle~Truant,Bug~Steel,58,109,112,48,48,109,484,0.5,4.0,1.0,1.0,0.25,0.5,1.0,0.0,1.0,1.0,0.5,0.5,1.0,1.0,0.5,1.0,0.5,0.5,15.75,1.0,2.0,1.0,1.0,2.0,1.0,0.5,1.0,1.0,2.0,1.0,2.0,1.0,1.0,2.0,2.0,0.5,1.0,23.0
424,UU,4.0,Hydreigon,Levitate,Dark~Dragon,92,105,90,125,90,98,600,1.0,0.5,0.5,0.5,0.5,2.0,2.0,1.0,1.0,1.0,0.0,2.0,1.0,0.5,2.0,0.5,1.0,4.0,21.0,1.0,1.0,2.0,1.0,0.5,1.0,1.0,1.0,2.0,1.0,2.0,1.0,2.0,1.0,2.0,1.0,1.0,1.0,22.5
426,OU,5.0,Volcarona,Flame Body~Swarm,Bug~Fire,85,60,65,135,105,100,550,1.0,1.0,2.0,1.0,0.25,0.5,0.5,1.0,1.0,2.0,1.0,0.5,4.0,1.0,1.0,1.0,0.5,0.5,19.75,2.0,2.0,1.0,1.0,1.0,1.0,0.5,1.0,1.0,2.0,1.0,2.0,1.0,1.0,2.0,1.0,2.0,1.0,23.5
427,RU,3.0,Cobalion,Justified,Steel~Fighting,91,90,129,90,72,108,580,0.5,2.0,1.0,1.0,0.5,0.5,2.0,0.0,2.0,1.0,1.0,0.25,0.25,1.0,0.5,0.5,0.5,1.0,15.5,1.0,2.0,1.0,1.0,2.0,1.0,1.0,1.0,1.0,1.0,1.0,2.0,2.0,1.0,1.0,2.0,2.0,1.0,24.0
428,UUBL,4.5,Terrakion,Justified,Rock~Fighting,91,129,90,72,90,108,580,0.5,0.5,2.0,1.0,2.0,1.0,2.0,0.5,2.0,1.0,2.0,0.5,0.5,1.0,1.0,0.5,2.0,2.0,22.0,2.0,2.0,1.0,1.0,1.0,1.0,2.0,2.0,1.0,1.0,1.0,2.0,2.0,1.0,1.0,2.0,2.0,1.0,26.0
429,PUBL,1.5,Virizion,Justified,Grass~Fighting,91,90,72,90,129,108,580,1.0,2.0,0.5,0.5,0.5,2.0,1.0,2.0,0.5,4.0,2.0,1.0,0.5,1.0,1.0,0.5,1.0,2.0,23.0,0.5,2.0,1.0,1.0,1.0,1.0,1.0,0.5,1.0,1.0,2.0,2.0,2.0,0.5,1.0,2.0,2.0,2.0,23.5
430,Uber,6.0,Reshiram,Turboblaze,Dragon~Fire,100,120,100,150,120,90,680,1.0,0.25,1.0,0.5,0.25,1.0,1.0,1.0,2.0,1.0,1.0,0.5,2.0,1.0,2.0,1.0,0.5,1.0,18.0,2.0,1.0,2.0,1.0,1.0,1.0,1.0,1.0,1.0,2.0,1.0,2.0,1.0,1.0,1.0,1.0,2.0,1.0,23.0
431,Uber,6.0,Zekrom,Teravolt,Dragon~Electric,100,150,120,120,100,90,680,1.0,0.5,0.5,0.25,0.5,2.0,1.0,1.0,2.0,0.5,1.0,1.0,1.0,1.0,2.0,1.0,0.5,2.0,18.75,1.0,1.0,2.0,1.0,1.0,1.0,1.0,2.0,1.0,1.0,1.0,1.0,1.0,1.0,1.0,1.0,1.0,2.0,21.0
432,OU,5.0,Kyurem,Pressure,Dragon~Ice,125,130,90,130,90,95,660,1.0,1.0,0.5,0.5,0.5,1.0,2.0,1.0,1.0,1.0,1.0,1.0,2.0,1.0,2.0,1.0,2.0,2.0,21.5,1.0,1.0,2.0,1.0,1.0,1.0,1.0,2.0,1.0,2.0,2.0,1.0,1.0,1.0,1.0,1.0,0.5,1.0,21.5
433,Uber,6.0,Genesect,Download,Bug~Steel,71,120,95,120,95,99,600,0.5,4.0,1.0,1.0,0.25,0.5,1.0,0.0,1.0,1.0,0.5,0.5,1.0,1.0,0.5,1.0,0.5,0.5,15.75,1.0,2.0,1.0,1.0,2.0,1.0,0.5,1.0,1.0,2.0,1.0,2.0,1.0,1.0,2.0,2.0,0.5,1.0,23.0
435,UU,4.0,Diggersby,Pickup~Cheek Pouch~Huge Power,Normal~Ground,85,56,77,50,77,78,423,1.0,1.0,2.0,0.0,2.0,2.0,2.0,0.5,1.0,1.0,1.0,1.0,0.5,0.0,1.0,1.0,1.0,1.0,19.0,1.0,1.0,1.0,2.0,1.0,1.0,2.0,1.0,1.0,1.0,1.0,1.0,1.0,2.0,1.0,2.0,2.0,1.0,23.0
438,NU,2.0,Talonflame,Flame Body~Gale Wings,Fire~Flying,78,81,71,74,69,126,499,1.0,0.5,2.0,2.0,0.25,1.0,0.5,1.0,0.0,1.0,1.0,0.25,4.0,1.0,1.0,1.0,0.5,0.5,18.5,2.0,1.0,1.0,1.0,1.0,2.0,1.0,1.0,1.0,2.0,1.0,2.0,1.0,1.0,1.0,0.5,2.0,1.0,22.5
440,NUBL,2.5,Pangoro,Iron Fist~Mold Breaker~Scrappy,Fighting~Dark,95,124,78,69,71,58,495,1.0,1.0,1.0,1.0,1.0,1.0,2.0,1.0,1.0,2.0,0.0,1.0,0.5,0.5,1.0,0.25,1.0,4.0,20.25,1.0,2.0,1.0,1.0,0.5,1.0,1.0,1.0,2.0,1.0,2.0,2.0,2.0,1.0,2.0,2.0,2.0,1.0,25.5
443,NU,2.0,Doublade,No Guard,Steel~Ghost,59,110,150,45,49,35,448,0.0,2.0,1.0,1.0,0.5,0.5,0.0,0.0,2.0,0.5,0.5,0.25,0.5,2.0,0.5,2.0,0.5,0.5,14.25,1.0,1.0,1.0,1.0,2.0,1.0,1.0,1.0,2.0,1.0,1.0,2.0,1.0,1.0,2.0,2.0,1.0,1.0,23.0
445,PU,1.0,Aromatisse,Healer~Aroma Veil,Fairy,101,72,72,99,89,29,462,1.0,1.0,1.0,1.0,1.0,1.0,0.5,2.0,1.0,1.0,1.0,0.5,1.0,1.0,0.0,0.5,2.0,1.0,17.5,1.0,1.0,2.0,1.0,1.0,2.0,0.5,1.0,1.0,1.0,1.0,1.0,1.0,0.5,1.0,1.0,0.5,1.0,18.5
447,NUBL,2.5,Slurpuff,Sweet Veil~Unburden,Fairy,82,80,86,85,75,72,480,1.0,1.0,1.0,1.0,1.0,1.0,0.5,2.0,1.0,1.0,1.0,0.5,1.0,1.0,0.0,0.5,2.0,1.0,17.5,1.0,1.0,2.0,1.0,1.0,2.0,0.5,1.0,1.0,1.0,1.0,1.0,1.0,0.5,1.0,1.0,0.5,1.0,18.5
449,(PU),0.0,Malamar,Contrary~Suction Cups~Infiltrator,Dark~Psychic,86,92,88,68,75,73,482,1.0,1.0,1.0,1.0,1.0,1.0,1.0,1.0,1.0,1.0,0.0,4.0,1.0,1.0,1.0,1.0,1.0,2.0,21.0,1.0,0.5,1.0,1.0,1.0,2.0,1.0,1.0,2.0,1.0,2.0,1.0,2.0,2.0,2.0,1.0,1.0,1.0,23.5
451,NUBL,2.5,Barbaracle,Tough Claws~Sniper~Pickpocket,Rock~Water,72,105,115,54,86,68,500,0.5,0.25,1.0,2.0,4.0,0.5,2.0,0.5,2.0,0.5,1.0,1.0,1.0,1.0,1.0,1.0,1.0,1.0,21.25,2.0,1.0,1.0,1.0,1.0,1.0,2.0,2.0,1.0,1.0,2.0,2.0,1.0,1.0,1.0,2.0,1.0,1.0,24.0
453,NU,2.0,Dragalge,Poison Point~Poison Touch~Adaptability,Poison~Dragon,65,75,90,97,123,44,494,1.0,0.5,0.5,0.5,0.25,2.0,0.5,0.5,2.0,1.0,2.0,0.5,1.0,1.0,2.0,1.0,1.0,1.0,18.25,1.0,1.0,2.0,1.0,2.0,1.0,1.0,1.0,1.0,2.0,1.0,1.0,1.0,1.0,1.0,1.0,0.5,1.0,20.5
455,PUBL,1.5,Clawitzer,Mega Launcher,Water,71,73,88,120,89,59,500,1.0,0.5,0.5,2.0,2.0,0.5,1.0,1.0,1.0,1.0,1.0,1.0,1.0,1.0,1.0,1.0,0.5,1.0,18.0,1.0,1.0,0.5,1.0,1.0,1.0,2.0,1.0,1.0,0.5,2.0,1.0,1.0,1.0,1.0,2.0,1.0,0.5,19.5
457,NU,2.0,Heliolisk,Dry Skin~Sand Veil~Solar Power,Electric~Normal,62,55,52,109,94,109,481,1.0,1.0,1.0,0.5,1.0,1.0,2.0,1.0,2.0,0.5,1.0,1.0,1.0,0.0,1.0,1.0,0.5,1.0,17.5,1.0,1.0,1.0,1.0,1.0,1.0,1.0,2.0,1.0,1.0,1.0,1.0,1.0,1.0,1.0,1.0,1.0,2.0,20.0
459,NU,2.0,Tyrantrum,Strong Jaw~Rock Head,Rock~Dragon,82,121,119,69,59,71,521,0.5,0.25,1.0,0.5,1.0,2.0,2.0,0.5,2.0,0.5,1.0,1.0,1.0,1.0,2.0,1.0,2.0,2.0,21.25,2.0,1.0,2.0,1.0,1.0,1.0,2.0,2.0,1.0,1.0,1.0,2.0,1.0,1.0,1.0,1.0,0.5,1.0,22.5
461,(PU),0.0,Aurorus,Refrigerate~Snow Warning,Rock~Ice,123,77,72,99,92,58,521,0.5,1.0,2.0,1.0,2.0,0.5,4.0,0.5,2.0,0.5,1.0,1.0,2.0,1.0,1.0,1.0,4.0,1.0,26.0,2.0,1.0,2.0,1.0,1.0,1.0,2.0,2.0,1.0,2.0,2.0,2.0,1.0,1.0,1.0,1.0,0.5,1.0,24.5
462,NU,2.0,Sylveon,Cute Charm~Pixilate,Fairy,95,65,65,110,130,60,525,1.0,1.0,1.0,1.0,1.0,1.0,0.5,2.0,1.0,1.0,1.0,0.5,1.0,1.0,0.0,0.5,2.0,1.0,17.5,1.0,1.0,2.0,1.0,1.0,2.0,0.5,1.0,1.0,1.0,1.0,1.0,1.0,0.5,1.0,1.0,0.5,1.0,18.5
463,UUBL,4.5,Hawlucha,Limber~Unburden~Mold Breaker,Fighting~Flying,78,92,75,74,63,118,500,1.0,1.0,1.0,2.0,0.5,2.0,0.5,1.0,0.0,2.0,2.0,0.25,1.0,1.0,1.0,0.5,1.0,2.0,19.75,2.0,2.0,1.0,1.0,1.0,2.0,1.0,1.0,1.0,2.0,1.0,2.0,2.0,1.0,1.0,2.0,2.0,1.0,26.0
464,(PU),0.0,Dedenne,Cheek Pouch~Pickup~Plus,Electric~Fairy,67,58,57,81,67,101,431,1.0,1.0,1.0,0.5,1.0,1.0,0.5,2.0,2.0,0.5,1.0,0.5,1.0,1.0,0.0,0.5,1.0,1.0,16.5,1.0,1.0,2.0,1.0,1.0,2.0,1.0,2.0,1.0,1.0,1.0,1.0,1.0,1.0,1.0,1.0,1.0,2.0,22.0
465,(PU),0.0,Carbink,Clear Body~Sturdy,Rock~Fairy,50,50,150,50,150,50,500,0.5,0.5,2.0,1.0,2.0,1.0,1.0,1.0,2.0,0.5,1.0,0.5,1.0,1.0,0.0,0.5,4.0,1.0,20.5,2.0,1.0,2.0,1.0,1.0,2.0,2.0,2.0,1.0,1.0,1.0,2.0,1.0,1.0,1.0,1.0,0.5,1.0,23.5
468,NU,2.0,Goodra,Sap Sipper~Hydration~Gooey,Dragon,90,100,70,110,150,80,600,1.0,0.5,0.5,0.5,0.5,2.0,1.0,1.0,1.0,1.0,1.0,1.0,1.0,1.0,2.0,1.0,1.0,2.0,19.0,1.0,1.0,2.0,1.0,0.0,1.0,1.0,1.0,1.0,1.0,1.0,1.0,1.0,1.0,1.0,1.0,0.5,1.0,17.5
469,RU,3.0,Klefki,Prankster~Magician,Steel~Fairy,57,80,91,80,87,75,470,0.5,2.0,1.0,1.0,0.5,0.5,1.0,0.0,2.0,0.5,0.5,0.25,0.5,1.0,0.0,0.5,1.0,0.5,13.25,1.0,1.0,2.0,1.0,2.0,2.0,0.5,1.0,1.0,1.0,1.0,2.0,1.0,1.0,1.0,2.0,0.5,1.0,22.0
471,(PU),0.0,Trevenant,Natural Cure~Frisk~Harvest,Ghost~Grass,85,110,76,65,82,56,474,0.0,2.0,0.5,0.5,0.5,2.0,0.0,1.0,0.5,2.0,1.0,1.0,1.0,2.0,1.0,2.0,1.0,1.0,19.0,1.0,1.0,1.0,1.0,1.0,1.0,1.0,1.0,2.0,1.0,2.0,1.0,1.0,1.0,2.0,2.0,1.0,2.0,23.0
473,(PU),0.0,Avalugg,Own Tempo~Ice Body~Sturdy,Ice,95,117,184,44,46,28,514,1.0,2.0,1.0,1.0,1.0,0.5,2.0,1.0,1.0,1.0,1.0,1.0,2.0,1.0,1.0,1.0,2.0,1.0,21.5,1.0,1.0,2.0,1.0,1.0,1.0,0.5,2.0,1.0,2.0,2.0,0.5,1.0,1.0,1.0,1.0,0.5,0.5,20.0
475,RU,3.0,Noivern,Frisk~Infiltrator~Telepathy,Flying~Dragon,85,70,80,97,80,123,535,1.0,0.5,0.5,1.0,0.25,4.0,0.5,1.0,0.0,1.0,1.0,0.5,2.0,1.0,2.0,1.0,1.0,2.0,20.25,2.0,1.0,2.0,1.0,1.0,2.0,1.0,1.0,1.0,2.0,1.0,1.0,1.0,1.0,1.0,1.0,0.5,1.0,21.5
476,Uber,6.0,Xerneas,Fairy Aura,Fairy,126,131,95,131,98,99,680,1.0,1.0,1.0,1.0,1.0,1.0,0.5,2.0,1.0,1.0,1.0,0.5,1.0,1.0,0.0,0.5,2.0,1.0,17.5,1.0,1.0,2.0,1.0,1.0,2.0,0.5,1.0,1.0,1.0,1.0,1.0,1.0,0.5,1.0,1.0,0.5,1.0,18.5
477,Uber,6.0,Yveltal,Dark Aura,Dark~Flying,126,131,95,131,98,99,680,1.0,1.0,1.0,2.0,0.5,2.0,1.0,1.0,0.0,1.0,0.0,1.0,2.0,0.5,1.0,0.5,1.0,2.0,18.5,2.0,1.0,1.0,1.0,1.0,2.0,1.0,1.0,2.0,2.0,2.0,1.0,2.0,1.0,2.0,1.0,1.0,1.0,25.0
478,Uber,6.0,Zygarde,Aura Break,Dragon~Ground,108,100,121,81,95,95,600,1.0,0.5,1.0,0.0,1.0,4.0,1.0,0.5,1.0,1.0,1.0,1.0,0.5,1.0,2.0,1.0,1.0,2.0,20.5,1.0,1.0,2.0,2.0,1.0,1.0,2.0,1.0,1.0,1.0,1.0,1.0,1.0,2.0,1.0,2.0,2.0,1.0,24.0
479,NU,2.0,Diancie,Clear Body,Rock~Fairy,50,100,150,100,150,50,600,0.5,0.5,2.0,1.0,2.0,1.0,1.0,1.0,2.0,0.5,1.0,0.5,1.0,1.0,0.0,0.5,4.0,1.0,20.5,2.0,1.0,2.0,1.0,1.0,2.0,2.0,2.0,1.0,1.0,1.0,2.0,1.0,1.0,1.0,1.0,0.5,1.0,23.5
480,RU,3.0,Volcanion,Water Absorb,Fire~Water,80,110,120,130,90,70,600,1.0,0.25,1.0,2.0,1.0,0.25,1.0,1.0,2.0,1.0,1.0,0.5,2.0,1.0,1.0,1.0,0.25,0.5,17.75,2.0,1.0,0.5,1.0,1.0,1.0,2.0,1.0,1.0,2.0,2.0,2.0,1.0,1.0,1.0,2.0,2.0,0.5,24.0
483,NU,2.0,Decidueye,Overgrow~Long Reach,Grass~Ghost,78,107,75,100,100,70,530,0.0,2.0,0.5,0.5,0.5,2.0,0.0,1.0,0.5,2.0,1.0,1.0,1.0,2.0,1.0,2.0,1.0,1.0,19.0,1.0,1.0,1.0,1.0,1.0,1.0,1.0,1.0,2.0,1.0,2.0,1.0,1.0,1.0,2.0,2.0,1.0,2.0,23.0
486,RU,3.0,Incineroar,Blaze~Intimidate,Fire~Dark,95,115,90,80,90,60,530,1.0,0.5,2.0,1.0,0.5,0.5,2.0,1.0,2.0,1.0,0.0,1.0,2.0,0.5,1.0,0.5,0.5,1.0,18.0,2.0,1.0,1.0,1.0,1.0,1.0,1.0,1.0,2.0,2.0,2.0,2.0,2.0,1.0,2.0,1.0,2.0,1.0,26.0
489,UU,4.0,Primarina,Torrent~Liquid Voice,Water~Fairy,80,74,74,126,116,60,530,1.0,0.5,0.5,2.0,2.0,0.5,0.5,2.0,1.0,1.0,1.0,0.5,1.0,1.0,0.0,0.5,1.0,1.0,17.0,1.0,1.0,2.0,1.0,1.0,2.0,2.0,1.0,1.0,1.0,2.0,1.0,1.0,1.0,1.0,2.0,1.0,1.0,23.0
492,(PU),0.0,Vikavolt,Levitate,Bug~Electric,77,70,90,145,75,43,500,1.0,2.0,1.0,0.5,0.5,1.0,0.5,1.0,1.0,1.0,1.0,1.0,2.0,1.0,1.0,1.0,0.5,1.0,18.0,1.0,2.0,1.0,1.0,1.0,1.0,1.0,2.0,1.0,2.0,1.0,1.0,1.0,1.0,2.0,1.0,1.0,2.0,23.0
494,PU,1.0,Ribombee,Honey Gather~Shield Dust~Sweet Veil,Bug~Fairy,60,55,60,95,70,124,464,1.0,2.0,1.0,1.0,0.5,1.0,0.25,2.0,0.5,2.0,1.0,0.5,2.0,1.0,0.0,0.5,2.0,1.0,19.25,1.0,2.0,2.0,1.0,1.0,2.0,0.5,1.0,1.0,2.0,1.0,1.0,1.0,0.5,2.0,1.0,0.5,1.0,21.5
497,OU,5.0,Toxapex,Merciless~Limber~Regenerator,Poison~Water,50,63,152,53,142,35,495,1.0,0.5,0.5,2.0,1.0,0.5,0.5,0.5,2.0,1.0,2.0,0.5,1.0,1.0,1.0,1.0,0.5,0.5,17.0,1.0,1.0,1.0,1.0,2.0,1.0,2.0,1.0,1.0,2.0,2.0,1.0,1.0,1.0,1.0,2.0,1.0,1.0,23.0
499,NU,2.0,Mudsdale,Own Tempo~Stamina~Inner Focus,Ground,100,125,100,55,85,35,500,1.0,1.0,2.0,0.0,2.0,2.0,1.0,0.5,1.0,1.0,1.0,1.0,0.5,1.0,1.0,1.0,1.0,1.0,19.0,0.5,1.0,1.0,2.0,1.0,1.0,2.0,0.0,1.0,0.5,1.0,1.0,1.0,2.0,1.0,2.0,2.0,1.0,21.0
501,NU,2.0,Araquanid,Water Bubble~Water Absorb,Water~Bug,68,70,92,50,132,42,454,1.0,1.0,0.5,2.0,1.0,0.5,0.5,1.0,0.5,2.0,1.0,1.0,2.0,1.0,1.0,1.0,0.5,1.0,18.5,1.0,2.0,1.0,1.0,1.0,1.0,2.0,1.0,1.0,2.0,2.0,1.0,1.0,1.0,2.0,2.0,1.0,1.0,24.0
503,(PU),0.0,Lurantis,Leaf Guard~Contrary,Grass,70,105,90,80,90,45,480,1.0,2.0,0.5,0.5,0.5,2.0,1.0,2.0,0.5,2.0,1.0,2.0,1.0,1.0,1.0,1.0,1.0,1.0,21.0,0.5,1.0,0.5,1.0,1.0,1.0,0.5,0.5,1.0,0.5,2.0,1.0,1.0,0.5,1.0,2.0,0.5,2.0,17.5
505,(PU),0.0,Shiinotic,Illuminate~Effect Spore~Rain Dish,Grass~Fairy,60,45,80,90,100,30,405,1.0,2.0,0.5,0.5,0.5,2.0,0.5,4.0,0.5,2.0,1.0,1.0,1.0,1.0,0.0,0.5,2.0,1.0,21.0,1.0,1.0,2.0,1.0,1.0,2.0,0.5,1.0,1.0,1.0,2.0,1.0,1.0,0.5,1.0,2.0,0.5,2.0,21.5
507,NU,2.0,Salazzle,Corrosion~Oblivious,Poison~Fire,68,64,60,111,60,117,480,1.0,0.5,2.0,1.0,0.25,0.5,0.5,0.5,4.0,1.0,2.0,0.25,2.0,1.0,1.0,1.0,0.5,0.25,19.25,2.0,1.0,1.0,1.0,2.0,1.0,1.0,1.0,1.0,2.0,1.0,2.0,1.0,1.0,1.0,0.5,2.0,1.0,22.5
509,NUBL,2.5,Bewear,Fluffy~Klutz~Unnerve,Normal~Fighting,120,125,80,55,60,60,500,1.0,1.0,1.0,1.0,1.0,1.0,2.0,1.0,1.0,2.0,2.0,0.5,0.5,0.0,1.0,0.5,1.0,2.0,19.5,1.0,2.0,1.0,1.0,1.0,1.0,1.0,1.0,0.0,1.0,1.0,2.0,2.0,1.0,1.0,2.0,2.0,1.0,22.0
512,PU,1.0,Tsareena,Leaf Guard~Queenly Majesty~Sweet Veil,Grass,72,120,98,50,98,72,510,1.0,2.0,0.5,0.5,0.5,2.0,1.0,2.0,0.5,2.0,1.0,2.0,1.0,1.0,1.0,1.0,1.0,1.0,21.0,0.5,1.0,0.5,1.0,1.0,1.0,0.5,0.5,1.0,0.5,2.0,1.0,1.0,0.5,1.0,2.0,0.5,2.0,17.5
513,NU,2.0,Comfey,Flower Veil~Triage~Natural Cure,Fairy,51,52,90,82,110,100,485,1.0,1.0,1.0,1.0,1.0,1.0,0.5,2.0,1.0,1.0,1.0,0.5,1.0,1.0,0.0,0.5,2.0,1.0,17.5,1.0,1.0,2.0,1.0,1.0,2.0,0.5,1.0,1.0,1.0,1.0,1.0,1.0,0.5,1.0,1.0,0.5,1.0,18.5
514,(PU),0.0,Oranguru,Inner Focus~Telepathy~Symbiosis,Normal~Psychic,90,60,80,90,110,60,490,1.0,1.0,1.0,1.0,1.0,1.0,1.0,1.0,1.0,1.0,0.5,2.0,1.0,0.0,1.0,2.0,1.0,1.0,18.5,1.0,1.0,1.0,1.0,1.0,2.0,1.0,1.0,1.0,1.0,1.0,1.0,1.0,2.0,1.0,1.0,0.5,1.0,19.5
515,NU,2.0,Passimian,Receiver~Defiant,Fighting,100,120,90,40,60,80,490,1.0,1.0,1.0,1.0,1.0,1.0,1.0,1.0,1.0,2.0,2.0,0.5,0.5,1.0,1.0,0.5,1.0,2.0,19.5,0.5,2.0,1.0,1.0,0.5,1.0,1.0,0.5,0.0,1.0,1.0,2.0,2.0,0.5,0.5,2.0,2.0,1.0,19.5
517,RU,3.0,Golisopod,Emergency Exit,Bug~Water,75,125,140,60,90,40,530,1.0,1.0,0.5,2.0,1.0,0.5,0.5,1.0,0.5,2.0,1.0,1.0,2.0,1.0,1.0,1.0,0.5,1.0,18.5,1.0,2.0,1.0,1.0,1.0,1.0,2.0,1.0,1.0,2.0,2.0,1.0,1.0,1.0,2.0,2.0,1.0,1.0,24.0
519,PU,1.0,Palossand,Water Compaction~Sand Veil,Ghost~Ground,85,75,110,100,75,35,480,0.0,1.0,2.0,0.0,2.0,2.0,0.0,0.25,1.0,1.0,1.0,0.5,0.5,2.0,1.0,2.0,1.0,1.0,18.25,1.0,1.0,1.0,2.0,1.0,1.0,2.0,1.0,2.0,1.0,1.0,1.0,1.0,2.0,2.0,2.0,2.0,1.0,25.0
520,(PU),0.0,Pyukumuku,Innards Out~Unaware,Water,55,60,130,30,130,5,410,1.0,0.5,0.5,2.0,2.0,0.5,1.0,1.0,1.0,1.0,1.0,1.0,1.0,1.0,1.0,1.0,0.5,1.0,18.0,1.0,1.0,0.5,1.0,1.0,1.0,2.0,1.0,1.0,0.5,2.0,1.0,1.0,1.0,1.0,2.0,1.0,0.5,19.5
521,(PU),0.0,Silvally,Rks System,Normal,95,95,95,95,95,95,570,1.0,1.0,1.0,1.0,1.0,1.0,2.0,1.0,1.0,1.0,1.0,1.0,1.0,0.0,1.0,1.0,1.0,1.0,18.0,1.0,1.0,1.0,1.0,1.0,1.0,1.0,1.0,0.0,1.0,1.0,1.0,1.0,1.0,1.0,0.5,0.5,1.0,16.0
522,(PU),0.0,Turtonator,Shell Armor,Fire~Dragon,60,78,135,91,85,36,485,1.0,0.25,1.0,0.5,0.25,1.0,1.0,1.0,2.0,1.0,1.0,0.5,2.0,1.0,2.0,1.0,0.5,1.0,18.0,2.0,1.0,2.0,1.0,1.0,1.0,1.0,1.0,1.0,2.0,1.0,2.0,1.0,1.0,1.0,1.0,2.0,1.0,23.0
523,PU,1.0,Togedemaru,Iron Barbs~Lightning Rod~Sturdy,Electric~Steel,65,98,63,40,73,96,435,0.5,2.0,1.0,0.5,0.5,0.5,2.0,0.0,4.0,0.25,0.5,0.5,0.5,1.0,0.5,1.0,0.25,0.5,16.0,1.0,1.0,1.0,0.5,2.0,1.0,1.0,2.0,1.0,1.0,1.0,2.0,1.0,1.0,1.0,2.0,1.0,2.0,22.5
524,PU,1.0,Drampa,Berserk~Sap Sipper~Cloud Nine,Normal~Dragon,78,60,85,135,91,36,485,1.0,0.5,0.5,0.5,0.5,2.0,2.0,1.0,1.0,1.0,1.0,1.0,1.0,0.0,2.0,1.0,1.0,2.0,19.0,1.0,1.0,2.0,1.0,1.0,1.0,1.0,1.0,1.0,1.0,1.0,1.0,1.0,1.0,1.0,1.0,0.5,1.0,18.5
525,NU,2.0,Dhelmise,Steelworker,Ghost~Grass,70,131,100,86,90,40,517,0.0,2.0,0.5,0.5,0.5,2.0,0.0,1.0,0.5,2.0,1.0,1.0,1.0,2.0,1.0,2.0,1.0,1.0,19.0,1.0,1.0,1.0,1.0,1.0,1.0,1.0,1.0,2.0,1.0,2.0,1.0,1.0,1.0,2.0,2.0,1.0,2.0,23.0
526,OU,5.0,Tapu Koko,Electric Surge~Telepathy,Electric~Fairy,70,115,85,95,75,130,570,1.0,1.0,1.0,0.5,1.0,1.0,0.5,2.0,2.0,0.5,1.0,0.5,1.0,1.0,0.0,0.5,1.0,1.0,16.5,1.0,1.0,2.0,1.0,1.0,2.0,1.0,2.0,1.0,1.0,1.0,1.0,1.0,1.0,1.0,1.0,1.0,2.0,22.0
527,OU,5.0,Tapu Lele,Psychic Surge~Telepathy,Psychic~Fairy,70,85,75,130,115,95,570,1.0,1.0,1.0,1.0,1.0,1.0,0.25,2.0,1.0,1.0,0.5,1.0,1.0,2.0,0.0,1.0,2.0,1.0,18.75,1.0,1.0,2.0,1.0,1.0,2.0,1.0,1.0,1.0,1.0,1.0,1.0,1.0,2.0,1.0,1.0,0.5,1.0,20.5
528,UU,4.0,Tapu Bulu,Grassy Surge~Telepathy,Grass~Fairy,70,130,115,85,95,75,570,1.0,2.0,0.5,0.5,0.5,2.0,0.5,4.0,0.5,2.0,1.0,1.0,1.0,1.0,0.0,0.5,2.0,1.0,21.0,1.0,1.0,2.0,1.0,1.0,2.0,0.5,1.0,1.0,1.0,2.0,1.0,1.0,0.5,1.0,2.0,0.5,2.0,21.5
529,OU,5.0,Tapu Fini,Misty Surge~Telepathy,Water~Fairy,70,75,115,95,130,85,570,1.0,0.5,0.5,2.0,2.0,0.5,0.5,2.0,1.0,1.0,1.0,0.5,1.0,1.0,0.0,0.5,1.0,1.0,17.0,1.0,1.0,2.0,1.0,1.0,2.0,2.0,1.0,1.0,1.0,2.0,1.0,1.0,1.0,1.0,2.0,1.0,1.0,23.0
532,Uber,6.0,Solgaleo,Full Metal Body,Psychic~Steel,137,137,107,113,89,97,680,0.5,2.0,1.0,1.0,0.5,0.5,1.0,0.0,2.0,0.5,0.25,1.0,0.5,2.0,0.5,2.0,0.5,0.5,16.25,1.0,1.0,1.0,1.0,2.0,2.0,1.0,1.0,1.0,1.0,1.0,2.0,1.0,2.0,1.0,2.0,0.5,1.0,22.5
533,Uber,6.0,Lunala,Shadow Shield,Psychic~Ghost,137,113,89,137,107,97,680,0.0,1.0,1.0,1.0,1.0,1.0,0.0,0.5,1.0,1.0,0.5,1.0,1.0,4.0,1.0,4.0,1.0,1.0,21.0,1.0,0.5,1.0,1.0,1.0,2.0,1.0,1.0,2.0,1.0,1.0,1.0,1.0,2.0,2.0,1.0,1.0,1.0,21.5
534,UU,4.0,Nihilego,Beast Boost,Rock~Poison,109,53,47,127,131,103,570,0.5,0.5,2.0,1.0,1.0,1.0,1.0,0.25,4.0,0.5,2.0,0.5,1.0,1.0,1.0,1.0,2.0,0.5,20.75,2.0,1.0,1.0,1.0,2.0,1.0,2.0,2.0,1.0,2.0,0.5,2.0,1.0,1.0,1.0,1.0,0.5,1.0,23.0
535,OU,5.0,Buzzwole,Beast Boost,Bug~Fighting,107,139,139,53,53,79,570,1.0,2.0,1.0,1.0,0.5,1.0,0.5,1.0,0.5,4.0,2.0,0.5,1.0,1.0,1.0,0.5,1.0,2.0,21.5,1.0,2.0,1.0,1.0,0.5,1.0,1.0,0.5,0.5,2.0,1.0,2.0,2.0,0.5,2.0,2.0,2.0,1.0,23.0
536,Uber,6.0,Pheromosa,Beast Boost,Bug~Fighting,71,137,37,137,37,151,570,1.0,2.0,1.0,1.0,0.5,1.0,0.5,1.0,0.5,4.0,2.0,0.5,1.0,1.0,1.0,0.5,1.0,2.0,21.5,1.0,2.0,1.0,1.0,0.5,1.0,1.0,0.5,0.5,2.0,1.0,2.0,2.0,0.5,2.0,2.0,2.0,1.0,23.0
537,RU,3.0,Xurkitree,Beast Boost,Electric,83,89,71,173,71,83,570,1.0,1.0,1.0,0.5,1.0,1.0,1.0,1.0,2.0,0.5,1.0,1.0,1.0,1.0,1.0,1.0,0.5,1.0,17.5,1.0,1.0,0.5,0.5,1.0,1.0,1.0,2.0,1.0,0.5,0.0,1.0,1.0,1.0,1.0,1.0,1.0,2.0,17.5
538,UU,4.0,Celesteela,Beast Boost,Steel~Flying,97,101,103,107,101,61,570,0.5,2.0,1.0,2.0,0.25,1.0,1.0,0.0,0.0,0.5,0.5,0.25,1.0,1.0,0.5,1.0,0.5,0.5,13.5,2.0,1.0,1.0,0.5,2.0,2.0,1.0,1.0,1.0,2.0,1.0,2.0,1.0,1.0,1.0,2.0,0.5,1.0,23.0
539,OU,5.0,Kartana,Beast Boost,Grass~Steel,59,181,131,59,31,109,570,0.5,4.0,0.5,0.5,0.25,1.0,2.0,0.0,1.0,1.0,0.5,1.0,0.5,1.0,0.5,1.0,0.5,0.5,16.25,1.0,1.0,1.0,1.0,2.0,1.0,0.5,1.0,1.0,1.0,2.0,2.0,1.0,1.0,1.0,2.0,0.5,2.0,22.0
540,NU,2.0,Guzzlord,Beast Boost,Dark~Dragon,223,101,53,97,53,43,570,1.0,0.5,0.5,0.5,0.5,2.0,2.0,1.0,1.0,1.0,0.0,2.0,1.0,0.5,2.0,0.5,1.0,4.0,21.0,1.0,1.0,2.0,1.0,0.5,1.0,1.0,1.0,2.0,1.0,2.0,1.0,2.0,1.0,2.0,1.0,1.0,1.0,22.5
541,RU,3.0,Necrozma,Prism Armor,Psychic,97,107,101,127,89,79,600,1.0,1.0,1.0,1.0,1.0,1.0,0.5,1.0,1.0,1.0,0.5,2.0,1.0,2.0,1.0,2.0,1.0,1.0,20.0,1.0,0.0,1.0,1.0,1.0,2.0,1.0,1.0,1.0,1.0,1.0,1.0,1.0,2.0,0.5,1.0,0.5,1.0,18.0
542,Uber,6.0,Magearna,Soul Heart,Steel~Fairy,80,95,115,130,115,65,600,0.5,2.0,1.0,1.0,0.5,0.5,1.0,0.0,2.0,0.5,0.5,0.25,0.5,1.0,0.0,0.5,1.0,0.5,13.25,1.0,1.0,2.0,1.0,2.0,2.0,0.5,1.0,1.0,1.0,1.0,2.0,1.0,1.0,1.0,2.0,0.5,1.0,22.0
543,Uber,6.0,Marshadow,Technician,Fighting~Ghost,90,125,80,90,90,125,600,0.0,1.0,1.0,1.0,1.0,1.0,0.0,0.5,1.0,2.0,2.0,0.25,0.5,2.0,1.0,1.0,1.0,2.0,18.25,1.0,2.0,1.0,1.0,1.0,1.0,1.0,1.0,2.0,1.0,1.0,2.0,2.0,1.0,2.0,2.0,2.0,1.0,25.0
545,Uber,6.0,Naganadel,Beast Boost,Poison~Dragon,73,73,73,127,73,121,540,1.0,0.5,0.5,0.5,0.25,2.0,0.5,0.5,2.0,1.0,2.0,0.5,1.0,1.0,2.0,1.0,1.0,1.0,18.25,1.0,1.0,2.0,1.0,2.0,1.0,1.0,1.0,1.0,2.0,1.0,1.0,1.0,1.0,1.0,1.0,0.5,1.0,20.5
546,RU,3.0,Stakataka,Beast Boost,Rock~Steel,61,131,211,53,101,13,570,0.25,1.0,2.0,1.0,1.0,0.5,4.0,0.0,4.0,0.25,0.5,0.5,0.5,1.0,0.5,1.0,1.0,0.5,19.5,2.0,1.0,1.0,1.0,2.0,1.0,2.0,2.0,1.0,1.0,1.0,2.0,1.0,1.0,1.0,2.0,0.5,1.0,23.5
547,OU,5.0,Blacephalon,Beast Boost,Fire~Ghost,53,127,53,151,79,107,570,0.0,0.5,2.0,1.0,0.5,0.5,0.0,0.5,2.0,1.0,1.0,0.25,2.0,2.0,1.0,2.0,0.5,0.5,17.25,2.0,1.0,1.0,1.0,1.0,1.0,1.0,1.0,2.0,2.0,1.0,2.0,1.0,1.0,2.0,1.0,2.0,1.0,24.0
548,OU,5.0,Zeraora,Volt Absorb,Electric,88,112,75,102,80,143,600,1.0,1.0,1.0,0.5,1.0,1.0,1.0,1.0,2.0,0.5,1.0,1.0,1.0,1.0,1.0,1.0,0.5,1.0,17.5,1.0,1.0,0.5,0.5,1.0,1.0,1.0,2.0,1.0,0.5,0.0,1.0,1.0,1.0,1.0,1.0,1.0,2.0,17.5
549,(PU),0.0,Meltan,Magnet Pull,Steel,46,65,65,55,35,34,300,0.5,2.0,1.0,1.0,0.5,0.5,2.0,0.0,2.0,0.5,0.5,0.5,0.5,1.0,0.5,1.0,0.5,0.5,15.0,1.0,1.0,1.0,0.5,2.0,1.0,0.5,1.0,1.0,1.0,1.0,2.0,1.0,1.0,1.0,2.0,0.5,0.5,19.0
550,OU,5.0,Melmetal,Iron Fist,Steel,135,143,143,80,65,34,600,0.5,2.0,1.0,1.0,0.5,0.5,2.0,0.0,2.0,0.5,0.5,0.5,0.5,1.0,0.5,1.0,0.5,0.5,15.0,1.0,1.0,1.0,0.5,2.0,1.0,0.5,1.0,1.0,1.0,1.0,2.0,1.0,1.0,1.0,2.0,0.5,0.5,19.0
553,OU,5.0,Rillaboom,Overgrow~Grassy Surge,Grass,100,125,90,60,70,85,530,1.0,2.0,0.5,0.5,0.5,2.0,1.0,2.0,0.5,2.0,1.0,2.0,1.0,1.0,1.0,1.0,1.0,1.0,21.0,0.5,1.0,0.5,1.0,1.0,1.0,0.5,0.5,1.0,0.5,2.0,1.0,1.0,0.5,1.0,2.0,0.5,2.0,17.5
556,Uber,6.0,Cinderace,Blaze~Libero,Fire,80,116,75,65,75,119,530,1.0,0.5,2.0,1.0,0.5,0.5,1.0,1.0,2.0,1.0,1.0,0.5,2.0,1.0,1.0,1.0,0.5,0.5,18.0,2.0,1.0,0.5,1.0,1.0,1.0,0.5,1.0,1.0,2.0,1.0,2.0,1.0,1.0,1.0,0.5,2.0,0.5,20.0
559,NU,2.0,Inteleon,Torrent~Sniper,Water,70,85,65,125,65,120,530,1.0,0.5,0.5,2.0,2.0,0.5,1.0,1.0,1.0,1.0,1.0,1.0,1.0,1.0,1.0,1.0,0.5,1.0,18.0,1.0,1.0,0.5,1.0,1.0,1.0,2.0,1.0,1.0,0.5,2.0,1.0,1.0,1.0,1.0,2.0,1.0,0.5,19.5
561,(PU),0.0,Greedent,Cheek Pouch~Gluttony,Normal,120,95,95,55,75,20,460,1.0,1.0,1.0,1.0,1.0,1.0,2.0,1.0,1.0,1.0,1.0,1.0,1.0,0.0,1.0,1.0,1.0,1.0,18.0,1.0,1.0,1.0,1.0,1.0,1.0,1.0,1.0,0.0,1.0,1.0,1.0,1.0,1.0,1.0,0.5,0.5,1.0,16.0
564,OU,5.0,Corviknight,Pressure~Unnerve~Mirror Armor,Flying~Steel,98,87,105,53,85,67,495,0.5,2.0,1.0,2.0,0.25,1.0,1.0,0.0,0.0,0.5,0.5,0.25,1.0,1.0,0.5,1.0,0.5,0.5,13.5,2.0,1.0,1.0,0.5,2.0,2.0,1.0,1.0,1.0,2.0,1.0,2.0,1.0,1.0,1.0,2.0,0.5,1.0,23.0
567,(PU),0.0,Orbeetle,Swarm~Frisk~Telepathy,Bug~Psychic,60,45,110,80,120,90,505,1.0,2.0,1.0,1.0,0.5,1.0,0.25,1.0,0.5,2.0,0.5,2.0,2.0,2.0,1.0,2.0,1.0,1.0,21.75,1.0,2.0,1.0,1.0,1.0,2.0,1.0,1.0,1.0,2.0,1.0,1.0,1.0,2.0,2.0,1.0,0.5,1.0,22.5
569,(PU),0.0,Thievul,Run Away~Unburden~Stakeout,Dark,70,58,58,87,92,90,455,1.0,1.0,1.0,1.0,1.0,1.0,2.0,1.0,1.0,1.0,0.0,2.0,1.0,0.5,1.0,0.5,1.0,2.0,19.0,1.0,0.5,1.0,1.0,0.5,0.5,1.0,1.0,2.0,1.0,2.0,1.0,2.0,1.0,2.0,1.0,1.0,1.0,20.5
571,(PU),0.0,Eldegoss,Cotton Down~Regenerator~Effect Spore,Grass,60,50,90,80,120,60,460,1.0,2.0,0.5,0.5,0.5,2.0,1.0,2.0,0.5,2.0,1.0,2.0,1.0,1.0,1.0,1.0,1.0,1.0,21.0,0.5,1.0,0.5,1.0,1.0,1.0,0.5,0.5,1.0,0.5,2.0,1.0,1.0,0.5,1.0,2.0,0.5,2.0,17.5
573,(PU),0.0,Dubwool,Fluffy~Run Away~Bulletproof,Normal,72,80,100,60,90,88,490,1.0,1.0,1.0,1.0,1.0,1.0,2.0,1.0,1.0,1.0,1.0,1.0,1.0,0.0,1.0,1.0,1.0,1.0,18.0,1.0,1.0,1.0,1.0,1.0,1.0,1.0,1.0,0.0,1.0,1.0,1.0,1.0,1.0,1.0,0.5,0.5,1.0,16.0
575,(PU),0.0,Drednaw,Strong Jaw~Shell Armor~Swift Swim,Water~Rock,90,115,90,48,68,74,485,0.5,0.25,1.0,2.0,4.0,0.5,2.0,0.5,2.0,0.5,1.0,1.0,1.0,1.0,1.0,1.0,1.0,1.0,21.25,2.0,1.0,1.0,1.0,1.0,1.0,2.0,2.0,1.0,1.0,2.0,2.0,1.0,1.0,1.0,2.0,1.0,1.0,24.0
577,(PU),0.0,Boltund,Strong Jaw~Competitive,Electric,69,90,60,90,60,121,490,1.0,1.0,1.0,0.5,1.0,1.0,1.0,1.0,2.0,0.5,1.0,1.0,1.0,1.0,1.0,1.0,0.5,1.0,17.5,1.0,1.0,0.5,0.5,1.0,1.0,1.0,2.0,1.0,0.5,0.0,1.0,1.0,1.0,1.0,1.0,1.0,2.0,17.5
580,(PU),0.0,Coalossal,Steam Engine~Flame Body~Flash Fire,Rock~Fire,110,80,120,80,90,30,510,0.5,0.25,4.0,1.0,1.0,0.5,2.0,0.5,4.0,0.5,1.0,0.5,2.0,1.0,1.0,1.0,1.0,0.5,22.25,2.0,1.0,1.0,1.0,1.0,1.0,2.0,2.0,1.0,2.0,1.0,2.0,1.0,1.0,1.0,1.0,2.0,1.0,24.0
582,(PU),0.0,Flapple,Ripen~Gluttony~Hustle,Grass~Dragon,70,110,80,95,60,70,485,1.0,1.0,0.25,0.25,0.25,4.0,1.0,2.0,0.5,2.0,1.0,2.0,1.0,1.0,2.0,1.0,1.0,2.0,23.25,1.0,1.0,2.0,1.0,1.0,1.0,1.0,1.0,1.0,1.0,2.0,1.0,1.0,1.0,1.0,2.0,0.5,2.0,21.5
583,(PU),0.0,Appletun,Ripen~Gluttony~Thick Fat,Grass~Dragon,110,85,80,100,80,30,485,1.0,1.0,0.25,0.25,0.25,4.0,1.0,2.0,0.5,2.0,1.0,2.0,1.0,1.0,2.0,1.0,1.0,2.0,23.25,1.0,1.0,2.0,1.0,1.0,1.0,1.0,1.0,1.0,1.0,2.0,1.0,1.0,1.0,1.0,2.0,0.5,2.0,21.5
585,PU,1.0,Sandaconda,Sand Spit~Shed Skin~Sand Veil,Ground,72,107,125,65,70,71,510,1.0,1.0,2.0,0.0,2.0,2.0,1.0,0.5,1.0,1.0,1.0,1.0,0.5,1.0,1.0,1.0,1.0,1.0,19.0,0.5,1.0,1.0,2.0,1.0,1.0,2.0,0.0,1.0,0.5,1.0,1.0,1.0,2.0,1.0,2.0,2.0,1.0,21.0
586,(PU),0.0,Cramorant,Gulp Missile,Flying~Water,70,85,55,85,95,85,475,1.0,0.5,0.5,4.0,1.0,1.0,0.5,1.0,0.0,1.0,1.0,0.5,2.0,1.0,1.0,1.0,0.5,1.0,18.5,2.0,1.0,1.0,1.0,1.0,2.0,2.0,1.0,1.0,2.0,2.0,1.0,1.0,1.0,1.0,2.0,1.0,1.0,24.0
588,OU,5.0,Barraskewda,Swift Swim~Propeller Tail,Water,61,123,60,60,50,136,490,1.0,0.5,0.5,2.0,2.0,0.5,1.0,1.0,1.0,1.0,1.0,1.0,1.0,1.0,1.0,1.0,0.5,1.0,18.0,1.0,1.0,0.5,1.0,1.0,1.0,2.0,1.0,1.0,0.5,2.0,1.0,1.0,1.0,1.0,2.0,1.0,0.5,19.5
591,(PU),0.0,Centiskorch,Flash Fire~White Smoke~Flame Body,Fire~Bug,100,115,65,90,90,65,525,1.0,1.0,2.0,1.0,0.25,0.5,0.5,1.0,1.0,2.0,1.0,0.5,4.0,1.0,1.0,1.0,0.5,0.5,19.75,2.0,2.0,1.0,1.0,1.0,1.0,0.5,1.0,1.0,2.0,1.0,2.0,1.0,1.0,2.0,1.0,2.0,1.0,23.5
593,(PU),0.0,Grapploct,Limber~Technician,Fighting,80,118,90,70,80,42,480,1.0,1.0,1.0,1.0,1.0,1.0,1.0,1.0,1.0,2.0,2.0,0.5,0.5,1.0,1.0,0.5,1.0,2.0,19.5,0.5,2.0,1.0,1.0,0.5,1.0,1.0,0.5,0.0,1.0,1.0,2.0,2.0,0.5,0.5,2.0,2.0,1.0,19.5
595,RU,3.0,Polteageist,Weak Armor~Cursed Body,Ghost,60,65,65,134,114,70,508,0.0,1.0,1.0,1.0,1.0,1.0,0.0,0.5,1.0,1.0,1.0,0.5,1.0,2.0,1.0,2.0,1.0,1.0,17.0,1.0,0.5,1.0,1.0,1.0,1.0,1.0,1.0,2.0,1.0,1.0,1.0,0.0,1.0,2.0,1.0,1.0,1.0,18.5
598,UU,4.0,Hatterene,Healer~Anticipation~Magic Bounce,Psychic~Fairy,57,90,95,136,103,29,510,1.0,1.0,1.0,1.0,1.0,1.0,0.25,2.0,1.0,1.0,0.5,1.0,1.0,2.0,0.0,1.0,2.0,1.0,18.75,1.0,1.0,2.0,1.0,1.0,2.0,1.0,1.0,1.0,1.0,1.0,1.0,1.0,2.0,1.0,1.0,0.5,1.0,20.5
601,RU,3.0,Grimmsnarl,Prankster~Frisk~Pickpocket,Dark~Fairy,95,120,65,95,75,60,510,1.0,1.0,1.0,1.0,1.0,1.0,1.0,2.0,1.0,1.0,0.0,1.0,1.0,0.5,0.0,0.25,2.0,2.0,17.75,1.0,1.0,2.0,1.0,1.0,2.0,1.0,1.0,2.0,1.0,2.0,1.0,2.0,1.0,2.0,1.0,1.0,1.0,24.0
602,RU,3.0,Obstagoon,Reckless~Guts~Defiant,Dark~Normal,93,90,101,60,81,95,520,1.0,1.0,1.0,1.0,1.0,1.0,4.0,1.0,1.0,1.0,0.0,2.0,1.0,0.0,1.0,0.5,1.0,2.0,20.5,1.0,1.0,1.0,1.0,1.0,1.0,1.0,1.0,2.0,1.0,2.0,1.0,2.0,1.0,2.0,1.0,1.0,1.0,22.0
603,(PU),0.0,Perrserker,Battle Armor~Tough Claws~Steely Spirit,Steel,70,110,100,50,60,50,440,0.5,2.0,1.0,1.0,0.5,0.5,2.0,0.0,2.0,0.5,0.5,0.5,0.5,1.0,0.5,1.0,0.5,0.5,15.0,1.0,1.0,1.0,0.5,2.0,1.0,0.5,1.0,1.0,1.0,1.0,2.0,1.0,1.0,1.0,2.0,0.5,0.5,19.0
604,(PU),0.0,Cursola,Weak Armor~Perish Body,Ghost,60,95,50,145,130,30,510,0.0,1.0,1.0,1.0,1.0,1.0,0.0,0.5,1.0,1.0,1.0,0.5,1.0,2.0,1.0,2.0,1.0,1.0,17.0,1.0,0.5,1.0,1.0,1.0,1.0,1.0,1.0,2.0,1.0,1.0,1.0,0.0,1.0,2.0,1.0,1.0,1.0,18.5
605,(PU),0.0,Runerigus,Wandering Spirit,Ground~Ghost,58,95,145,50,105,30,483,0.0,1.0,2.0,0.0,2.0,2.0,0.0,0.25,1.0,1.0,1.0,0.5,0.5,2.0,1.0,2.0,1.0,1.0,18.25,1.0,1.0,1.0,2.0,1.0,1.0,2.0,1.0,2.0,1.0,1.0,1.0,1.0,2.0,2.0,2.0,2.0,1.0,25.0
607,(PU),0.0,Alcremie,Sweet Veil~Aroma Veil,Fairy,65,60,75,110,121,64,495,1.0,1.0,1.0,1.0,1.0,1.0,0.5,2.0,1.0,1.0,1.0,0.5,1.0,1.0,0.0,0.5,2.0,1.0,17.5,1.0,1.0,2.0,1.0,1.0,2.0,0.5,1.0,1.0,1.0,1.0,1.0,1.0,0.5,1.0,1.0,0.5,1.0,18.5
608,(PU),0.0,Falinks,Battle Armor~Defiant,Fighting,65,100,100,70,60,75,470,1.0,1.0,1.0,1.0,1.0,1.0,1.0,1.0,1.0,2.0,2.0,0.5,0.5,1.0,1.0,0.5,1.0,2.0,19.5,0.5,2.0,1.0,1.0,0.5,1.0,1.0,0.5,0.0,1.0,1.0,2.0,2.0,0.5,0.5,2.0,2.0,1.0,19.5
609,(PU),0.0,Pincurchin,Lightning Rod~Electric Surge,Electric,48,101,95,91,85,15,435,1.0,1.0,1.0,0.5,1.0,1.0,1.0,1.0,2.0,0.5,1.0,1.0,1.0,1.0,1.0,1.0,0.5,1.0,17.5,1.0,1.0,0.5,0.5,1.0,1.0,1.0,2.0,1.0,0.5,0.0,1.0,1.0,1.0,1.0,1.0,1.0,2.0,17.5
611,(PU),0.0,Frosmoth,Shield Dust~Ice Scales,Ice~Bug,70,65,60,125,90,65,475,1.0,4.0,1.0,1.0,0.5,0.5,1.0,1.0,0.5,2.0,1.0,1.0,4.0,1.0,1.0,1.0,2.0,1.0,24.5,1.0,2.0,2.0,1.0,1.0,1.0,0.5,2.0,1.0,2.0,2.0,1.0,1.0,1.0,2.0,1.0,0.5,1.0,23.0
612,(PU),0.0,Stonjourner,Power Spot,Rock,100,125,135,20,20,70,470,0.5,0.5,2.0,1.0,2.0,1.0,2.0,0.5,2.0,0.5,1.0,1.0,1.0,1.0,1.0,1.0,2.0,1.0,21.0,2.0,1.0,1.0,1.0,1.0,0.5,2.0,2.0,1.0,1.0,0.5,2.0,1.0,1.0,1.0,1.0,0.5,1.0,20.5
613,(PU),0.0,Morpeko,Hunger Switch,Electric~Dark,58,95,58,70,58,97,436,1.0,1.0,1.0,0.5,1.0,1.0,2.0,1.0,2.0,0.5,0.0,2.0,1.0,0.5,1.0,0.5,0.5,2.0,18.5,1.0,1.0,1.0,1.0,1.0,1.0,1.0,2.0,2.0,1.0,2.0,1.0,2.0,1.0,2.0,1.0,1.0,2.0,24.0
615,NU,2.0,Copperajah,Sheer Force~Heavy Metal,Steel,122,130,69,80,69,30,500,0.5,2.0,1.0,1.0,0.5,0.5,2.0,0.0,2.0,0.5,0.5,0.5,0.5,1.0,0.5,1.0,0.5,0.5,15.0,1.0,1.0,1.0,0.5,2.0,1.0,0.5,1.0,1.0,1.0,1.0,2.0,1.0,1.0,1.0,2.0,0.5,0.5,19.0
616,UUBL,4.5,Dracozolt,Volt Absorb~Hustle~Sand Rush,Electric~Dragon,90,100,90,80,70,75,505,1.0,0.5,0.5,0.25,0.5,2.0,1.0,1.0,2.0,0.5,1.0,1.0,1.0,1.0,2.0,1.0,0.5,2.0,18.75,1.0,1.0,2.0,1.0,1.0,1.0,1.0,2.0,1.0,1.0,1.0,1.0,1.0,1.0,1.0,1.0,1.0,2.0,21.0
617,UUBL,4.5,Arctozolt,Volt Absorb~Static~Slush Rush,Electric~Ice,90,100,90,90,80,55,505,1.0,2.0,1.0,0.5,1.0,0.5,2.0,1.0,2.0,0.5,1.0,1.0,2.0,1.0,1.0,1.0,1.0,1.0,20.5,1.0,1.0,2.0,1.0,1.0,1.0,1.0,2.0,1.0,2.0,2.0,1.0,1.0,1.0,1.0,1.0,1.0,2.0,23.0
618,Uber,6.0,Dracovish,Water Absorb~Strong Jaw~Sand Rush,Water~Dragon,90,90,100,70,80,75,505,1.0,0.25,0.25,1.0,1.0,1.0,1.0,1.0,1.0,1.0,1.0,1.0,1.0,1.0,2.0,1.0,0.5,2.0,18.0,1.0,1.0,2.0,1.0,1.0,1.0,2.0,1.0,1.0,1.0,2.0,1.0,1.0,1.0,1.0,2.0,1.0,1.0,22.0
619,(PU),0.0,Arctovish,Water Absorb~Ice Body~Slush Rush,Water~Ice,90,90,100,80,90,55,505,1.0,1.0,0.5,2.0,2.0,0.25,2.0,1.0,1.0,1.0,1.0,1.0,2.0,1.0,1.0,1.0,1.0,1.0,20.75,1.0,1.0,2.0,1.0,1.0,1.0,2.0,2.0,1.0,2.0,2.0,1.0,1.0,1.0,1.0,2.0,1.0,0.5,23.5
620,PUBL,1.5,Duraludon,Light Metal~Heavy Metal~Stalwart,Steel~Dragon,70,95,115,120,50,85,535,0.5,1.0,0.5,0.5,0.25,1.0,2.0,0.0,2.0,0.5,0.5,0.5,0.5,1.0,1.0,1.0,0.5,1.0,14.25,1.0,1.0,2.0,1.0,2.0,1.0,1.0,1.0,1.0,1.0,1.0,2.0,1.0,1.0,1.0,2.0,0.5,1.0,21.5
623,OU,5.0,Dragapult,Clear Body~Infiltrator~Cursed Body,Dragon~Ghost,88,120,75,100,75,142,600,0.0,0.5,0.5,0.5,0.5,2.0,0.0,0.5,1.0,1.0,1.0,0.5,1.0,2.0,2.0,2.0,1.0,2.0,18.0,1.0,1.0,2.0,1.0,1.0,1.0,1.0,1.0,2.0,1.0,1.0,1.0,1.0,1.0,2.0,1.0,1.0,1.0,21.0
624,Uber,6.0,Eternatus,Pressure,Poison~Dragon,140,85,95,145,95,130,690,1.0,0.5,0.5,0.5,0.25,2.0,0.5,0.5,2.0,1.0,2.0,0.5,1.0,1.0,2.0,1.0,1.0,1.0,18.25,1.0,1.0,2.0,1.0,2.0,1.0,1.0,1.0,1.0,2.0,1.0,1.0,1.0,1.0,1.0,1.0,0.5,1.0,20.5
626,UU,4.0,Zarude,Leaf Guard,Dark~Grass,105,120,105,70,95,105,600,1.0,2.0,0.5,0.5,0.5,2.0,2.0,2.0,0.5,2.0,0.0,4.0,1.0,0.5,1.0,0.5,1.0,2.0,23.0,1.0,1.0,1.0,1.0,1.0,1.0,1.0,1.0,2.0,1.0,2.0,1.0,2.0,1.0,2.0,2.0,1.0,2.0,24.0
627,UU,4.0,Regieleki,Transistor,Electric,80,100,50,100,50,200,580,1.0,1.0,1.0,0.5,1.0,1.0,1.0,1.0,2.0,0.5,1.0,1.0,1.0,1.0,1.0,1.0,0.5,1.0,17.5,1.0,1.0,0.5,0.5,1.0,1.0,1.0,2.0,1.0,0.5,0.0,1.0,1.0,1.0,1.0,1.0,1.0,2.0,17.5
628,NUBL,2.5,Regidrago,Dragons Maw,Dragon,200,100,50,100,50,80,580,1.0,0.5,0.5,0.5,0.5,2.0,1.0,1.0,1.0,1.0,1.0,1.0,1.0,1.0,2.0,1.0,1.0,2.0,19.0,1.0,1.0,2.0,1.0,0.0,1.0,1.0,1.0,1.0,1.0,1.0,1.0,1.0,1.0,1.0,1.0,0.5,1.0,17.5
629,NU,2.0,Glastrier,Chilling Neigh,Ice,100,145,130,65,110,30,580,1.0,2.0,1.0,1.0,1.0,0.5,2.0,1.0,1.0,1.0,1.0,1.0,2.0,1.0,1.0,1.0,2.0,1.0,21.5,1.0,1.0,2.0,1.0,1.0,1.0,0.5,2.0,1.0,2.0,2.0,0.5,1.0,1.0,1.0,1.0,0.5,0.5,20.0
630,Uber,6.0,Spectrier,Grim Neigh,Ghost,100,65,60,145,80,130,580,0.0,1.0,1.0,1.0,1.0,1.0,0.0,0.5,1.0,1.0,1.0,0.5,1.0,2.0,1.0,2.0,1.0,1.0,17.0,1.0,0.5,1.0,1.0,1.0,1.0,1.0,1.0,2.0,1.0,1.0,1.0,0.0,1.0,2.0,1.0,1.0,1.0,18.5
631,(PU),0.0,Calyrex,Unnerve,Psychic~Grass,100,80,80,80,80,80,500,1.0,2.0,0.5,0.5,0.5,2.0,0.5,2.0,0.5,2.0,0.5,4.0,1.0,2.0,1.0,2.0,1.0,1.0,24.0,1.0,1.0,1.0,1.0,1.0,2.0,1.0,1.0,1.0,1.0,2.0,1.0,1.0,2.0,1.0,2.0,0.5,2.0,22.5
